"Video_Name","View_Count","Like_Count","TimeStamp"
['Song 4'],1,1,2024-04-13 16:22:24.453675
['Song 10'],1,1,2024-04-13 16:22:24.453849
['Song 9'],1,1,2024-04-13 16:22:24.453969
['Song 10'],1,1,2024-04-13 16:22:24.454125
['Song 4'],1,1,2024-04-13 16:22:24.454270
['Song 9'],1,1,2024-04-13 16:22:24.454393
['Song 10'],1,1,2024-04-13 16:22:24.454523
['song 7'],1,1,2024-04-13 16:22:24.454620
['song 7'],1,1,2024-04-13 16:22:24.454715
['Song 6'],1,1,2024-04-13 16:22:24.454797
['Song 2'],1,1,2024-04-13 16:22:24.454861
['Song 5'],1,1,2024-04-13 16:22:24.454928
['Song 9'],1,1,2024-04-13 16:22:24.454990
['Song 6'],1,1,2024-04-13 16:22:24.455056
['Song 6'],1,1,2024-04-13 16:22:24.455119
['Song 9'],1,1,2024-04-13 16:22:24.455182
['Song 3'],1,1,2024-04-13 16:22:24.455293
['Song 3'],1,1,2024-04-13 16:22:24.455374
['Song 1'],1,1,2024-04-13 16:22:24.455439
['Song 10'],1,1,2024-04-13 16:22:24.455503
['song 7'],1,1,2024-04-13 16:22:24.455569
['Song 2'],1,1,2024-04-13 16:22:24.455638
['Song 3'],1,1,2024-04-13 16:22:24.455717
['Song 1'],1,1,2024-04-13 16:22:24.455785
['song 7'],1,1,2024-04-13 16:22:24.455849
['Song 2'],1,1,2024-04-13 16:22:24.455914
['Song 8'],1,1,2024-04-13 16:22:24.455980
['Song 10'],1,1,2024-04-13 16:22:24.456048
['Song 1'],1,1,2024-04-13 16:22:24.456112
['Song 10'],1,1,2024-04-13 16:22:24.456175
['Song 2'],1,1,2024-04-13 16:22:24.456239
['Song 1'],1,1,2024-04-13 16:22:24.456303
['Song 3'],1,1,2024-04-13 16:22:24.456368
['Song 6'],1,1,2024-04-13 16:22:24.456432
['Song 8'],1,1,2024-04-13 16:22:24.456506
['Song 6'],1,1,2024-04-13 16:22:24.456571
['Song 9'],1,1,2024-04-13 16:22:24.456636
['Song 5'],1,1,2024-04-13 16:22:24.456703
['Song 4'],1,1,2024-04-13 16:22:24.456767
['Song 1'],1,1,2024-04-13 16:22:24.456832
['song 7'],1,1,2024-04-13 16:22:24.456895
['Song 1'],1,1,2024-04-13 16:22:24.456958
['Song 9'],1,1,2024-04-13 16:22:24.457022
['Song 10'],1,1,2024-04-13 16:22:24.457086
['Song 3'],1,1,2024-04-13 16:22:24.457150
['Song 2'],1,1,2024-04-13 16:22:24.457214
['song 7'],1,1,2024-04-13 16:22:24.457278
['Song 9'],1,1,2024-04-13 16:22:24.457341
['Song 4'],1,1,2024-04-13 16:22:24.457405
['Song 5'],1,1,2024-04-13 16:22:24.457470
['Song 1'],1,1,2024-04-13 16:22:24.457534
['Song 1'],1,1,2024-04-13 16:22:24.457597
['Song 3'],1,1,2024-04-13 16:22:24.457661
['Song 2'],1,1,2024-04-13 16:22:24.457725
['song 7'],1,1,2024-04-13 16:22:24.457790
['Song 6'],1,1,2024-04-13 16:22:24.457853
['Song 8'],1,1,2024-04-13 16:22:24.457917
['Song 4'],1,1,2024-04-13 16:22:24.457983
['Song 2'],1,1,2024-04-13 16:22:24.458049
['song 7'],1,1,2024-04-13 16:22:24.458114
['Song 3'],1,1,2024-04-13 16:22:24.458180
['Song 2'],1,1,2024-04-13 16:22:24.458246
['Song 3'],1,1,2024-04-13 16:22:24.458310
['Song 8'],1,1,2024-04-13 16:22:24.458376
['Song 1'],1,1,2024-04-13 16:22:24.458443
['song 7'],1,1,2024-04-13 16:22:24.458530
['Song 10'],1,1,2024-04-13 16:22:24.458616
['song 7'],1,1,2024-04-13 16:22:24.458691
['Song 9'],1,1,2024-04-13 16:22:24.458776
['song 7'],1,1,2024-04-13 16:22:24.458862
['Song 10'],1,1,2024-04-13 16:22:24.458916
['Song 1'],1,1,2024-04-13 16:22:24.458984
['Song 2'],1,1,2024-04-13 16:22:24.459057
['Song 5'],1,1,2024-04-13 16:22:24.459129
['Song 10'],1,1,2024-04-13 16:22:24.459207
['Song 9'],1,1,2024-04-13 16:22:24.459286
['Song 8'],1,1,2024-04-13 16:22:24.459370
['Song 5'],1,1,2024-04-13 16:22:24.459455
['Song 4'],1,1,2024-04-13 16:22:24.459537
['song 7'],1,1,2024-04-13 16:22:24.459597
['Song 8'],1,1,2024-04-13 16:22:24.459648
['Song 6'],1,1,2024-04-13 16:22:24.459697
['Song 1'],1,1,2024-04-13 16:22:24.459746
['Song 9'],1,1,2024-04-13 16:22:24.459795
['Song 9'],1,1,2024-04-13 16:22:24.459869
['Song 8'],1,1,2024-04-13 16:22:24.459952
['song 7'],1,1,2024-04-13 16:22:24.460015
['Song 8'],1,1,2024-04-13 16:22:24.460083
['Song 3'],1,1,2024-04-13 16:22:24.460157
['Song 2'],1,1,2024-04-13 16:22:24.460224
['Song 8'],1,1,2024-04-13 16:22:24.460282
['Song 10'],1,1,2024-04-13 16:22:24.460346
['Song 2'],1,1,2024-04-13 16:22:24.460416
['Song 6'],1,1,2024-04-13 16:22:24.460517
['Song 10'],1,1,2024-04-13 16:22:24.460603
['Song 5'],1,1,2024-04-13 16:22:24.460686
['Song 8'],1,1,2024-04-13 16:22:24.460765
['song 7'],1,1,2024-04-13 16:22:24.460845
['Song 10'],1,1,2024-04-13 16:22:24.460920
['Song 3'],1,1,2024-04-13 16:23:01.065864
['Song 10'],1,1,2024-04-13 16:23:01.066041
['Song 6'],1,1,2024-04-13 16:23:01.066187
['Song 5'],1,1,2024-04-13 16:23:01.066306
['song 7'],1,1,2024-04-13 16:23:01.066424
['Song 6'],1,1,2024-04-13 16:23:01.066540
['Song 2'],1,1,2024-04-13 16:23:01.066649
['song 7'],1,1,2024-04-13 16:23:01.066735
['Song 3'],1,1,2024-04-13 16:23:01.066826
['Song 6'],1,1,2024-04-13 16:23:01.066901
['Song 8'],1,1,2024-04-13 16:23:01.066972
['Song 2'],1,1,2024-04-13 16:23:01.067056
['Song 4'],1,1,2024-04-13 16:23:01.067140
['Song 9'],1,1,2024-04-13 16:23:01.067211
['Song 2'],1,1,2024-04-13 16:23:01.067281
['Song 3'],1,1,2024-04-13 16:23:01.067351
['Song 8'],1,1,2024-04-13 16:23:01.067420
['Song 9'],1,1,2024-04-13 16:23:01.067513
['Song 4'],1,1,2024-04-13 16:23:01.067648
['Song 2'],1,1,2024-04-13 16:23:01.067731
['Song 4'],1,1,2024-04-13 16:23:01.067877
['Song 5'],1,1,2024-04-13 16:23:01.067956
['Song 8'],1,1,2024-04-13 16:23:01.068028
['Song 3'],1,1,2024-04-13 16:23:01.068102
['Song 2'],1,1,2024-04-13 16:23:01.068176
['Song 3'],1,1,2024-04-13 16:23:01.068249
['Song 8'],1,1,2024-04-13 16:23:01.068323
['Song 3'],1,1,2024-04-13 16:23:01.068395
['Song 1'],1,1,2024-04-13 16:23:01.068473
['Song 4'],1,1,2024-04-13 16:23:01.068544
['Song 2'],1,1,2024-04-13 16:23:01.068614
['Song 8'],1,1,2024-04-13 16:23:01.068683
['Song 1'],1,1,2024-04-13 16:23:01.068752
['Song 9'],1,1,2024-04-13 16:23:01.068822
['Song 5'],1,1,2024-04-13 16:23:01.068891
['song 7'],1,1,2024-04-13 16:23:01.068959
['Song 4'],1,1,2024-04-13 16:23:01.069030
['Song 8'],1,1,2024-04-13 16:23:01.069101
['Song 6'],1,1,2024-04-13 16:23:01.069173
['Song 8'],1,1,2024-04-13 16:23:01.069246
['Song 8'],1,1,2024-04-13 16:23:01.069315
['Song 2'],1,1,2024-04-13 16:23:01.069385
['Song 5'],1,1,2024-04-13 16:23:01.069454
['Song 5'],1,1,2024-04-13 16:23:01.069522
['Song 5'],1,1,2024-04-13 16:23:01.069590
['Song 6'],1,1,2024-04-13 16:23:01.069660
['Song 10'],1,1,2024-04-13 16:23:01.069729
['song 7'],1,1,2024-04-13 16:23:01.069797
['Song 3'],1,1,2024-04-13 16:23:01.069867
['Song 9'],1,1,2024-04-13 16:23:01.069938
['Song 3'],1,1,2024-04-13 16:23:01.070011
['Song 8'],1,1,2024-04-13 16:23:01.070080
['song 7'],1,1,2024-04-13 16:23:01.070151
['Song 5'],1,1,2024-04-13 16:23:01.070219
['Song 10'],1,1,2024-04-13 16:23:01.070288
['Song 9'],1,1,2024-04-13 16:23:01.070357
['Song 3'],1,1,2024-04-13 16:23:01.070426
['Song 10'],1,1,2024-04-13 16:23:01.070494
['Song 4'],1,1,2024-04-13 16:23:01.070563
['Song 9'],1,1,2024-04-13 16:23:01.070631
['Song 6'],1,1,2024-04-13 16:23:01.070704
['Song 6'],1,1,2024-04-13 16:23:01.070776
['Song 1'],1,1,2024-04-13 16:23:01.070846
['Song 8'],1,1,2024-04-13 16:23:01.070916
['Song 6'],1,1,2024-04-13 16:23:01.070985
['Song 3'],1,1,2024-04-13 16:23:01.071059
['Song 10'],1,1,2024-04-13 16:23:01.071129
['Song 1'],1,1,2024-04-13 16:23:01.071200
['Song 5'],1,1,2024-04-13 16:23:01.071272
['Song 5'],1,1,2024-04-13 16:23:01.071342
['Song 5'],1,1,2024-04-13 16:23:01.071414
['Song 1'],1,1,2024-04-13 16:23:01.071484
['song 7'],1,1,2024-04-13 16:23:01.071556
['Song 4'],1,1,2024-04-13 16:23:01.071627
['Song 5'],1,1,2024-04-13 16:23:01.071698
['Song 3'],1,1,2024-04-13 16:23:01.071768
['Song 1'],1,1,2024-04-13 16:23:01.071838
['Song 3'],1,1,2024-04-13 16:23:01.071906
['Song 8'],1,1,2024-04-13 16:23:01.071975
['Song 3'],1,1,2024-04-13 16:23:01.072044
['Song 4'],1,1,2024-04-13 16:23:01.072113
['Song 2'],1,1,2024-04-13 16:23:01.072183
['Song 1'],1,1,2024-04-13 16:23:01.072251
['Song 4'],1,1,2024-04-13 16:23:01.072320
['Song 1'],1,1,2024-04-13 16:23:01.072390
['Song 6'],1,1,2024-04-13 16:23:01.072465
['song 7'],1,1,2024-04-13 16:23:01.072537
['Song 8'],1,1,2024-04-13 16:23:01.072606
['Song 1'],1,1,2024-04-13 16:23:01.072675
['Song 6'],1,1,2024-04-13 16:23:01.072744
['Song 5'],1,1,2024-04-13 16:23:01.072820
['song 7'],1,1,2024-04-13 16:23:01.072889
['Song 10'],1,1,2024-04-13 16:23:01.072957
['Song 4'],1,1,2024-04-13 16:23:01.073026
['Song 4'],1,1,2024-04-13 16:23:01.073096
['Song 5'],1,1,2024-04-13 16:23:01.073164
['Song 2'],1,1,2024-04-13 16:23:01.073233
['Song 9'],1,1,2024-04-13 16:23:01.073302
['Song 3'],1,1,2024-04-13 16:23:01.073370
['Song 9'],1,1,2024-04-13 16:23:01.073440
['Song 5'],1,1,2024-04-13 16:25:34.982309
['Song 10'],1,1,2024-04-13 16:25:34.982495
['Song 8'],1,1,2024-04-13 16:25:34.982619
['Song 8'],1,1,2024-04-13 16:25:34.982789
['Song 9'],1,1,2024-04-13 16:25:34.982925
['Song 3'],1,1,2024-04-13 16:25:34.983028
['Song 6'],1,1,2024-04-13 16:25:34.983140
['Song 4'],1,1,2024-04-13 16:25:34.983225
['song 7'],1,1,2024-04-13 16:25:34.983308
['Song 9'],1,1,2024-04-13 16:25:34.983393
['Song 3'],1,1,2024-04-13 16:25:34.983492
['song 7'],1,1,2024-04-13 16:25:34.983561
['song 7'],1,1,2024-04-13 16:25:34.983628
['Song 6'],1,1,2024-04-13 16:25:34.983695
['Song 2'],1,1,2024-04-13 16:25:34.983762
['Song 5'],1,1,2024-04-13 16:25:34.983830
['Song 8'],1,1,2024-04-13 16:25:34.983896
['Song 3'],1,1,2024-04-13 16:25:34.983964
['Song 2'],1,1,2024-04-13 16:25:34.984032
['Song 10'],1,1,2024-04-13 16:25:34.984097
['Song 1'],1,1,2024-04-13 16:25:34.984165
['Song 3'],1,1,2024-04-13 16:25:34.984229
['Song 3'],1,1,2024-04-13 16:25:34.984292
['Song 6'],1,1,2024-04-13 16:25:34.984356
['Song 10'],1,1,2024-04-13 16:25:34.984419
['Song 2'],1,1,2024-04-13 16:25:34.984490
['Song 9'],1,1,2024-04-13 16:25:34.984554
['Song 9'],1,1,2024-04-13 16:25:34.984618
['song 7'],1,1,2024-04-13 16:25:34.984683
['Song 9'],1,1,2024-04-13 16:25:34.984753
['Song 3'],1,1,2024-04-13 16:25:34.984835
['Song 3'],1,1,2024-04-13 16:25:34.984918
['Song 1'],1,1,2024-04-13 16:25:34.985000
['Song 1'],1,1,2024-04-13 16:25:34.985069
['Song 3'],1,1,2024-04-13 16:25:34.985137
['Song 8'],1,1,2024-04-13 16:25:34.985205
['Song 4'],1,1,2024-04-13 16:25:34.985271
['Song 6'],1,1,2024-04-13 16:25:34.985335
['Song 8'],1,1,2024-04-13 16:25:34.985400
['Song 1'],1,1,2024-04-13 16:25:34.985463
['Song 3'],1,1,2024-04-13 16:25:34.985527
['Song 9'],1,1,2024-04-13 16:25:34.985590
['Song 9'],1,1,2024-04-13 16:25:34.985653
['Song 4'],1,1,2024-04-13 16:25:34.985716
['Song 9'],1,1,2024-04-13 16:25:34.985780
['Song 6'],1,1,2024-04-13 16:25:34.985842
['Song 8'],1,1,2024-04-13 16:25:34.985906
['Song 3'],1,1,2024-04-13 16:25:34.985969
['Song 4'],1,1,2024-04-13 16:25:34.986034
['Song 3'],1,1,2024-04-13 16:25:34.986098
['Song 1'],1,1,2024-04-13 16:25:34.986161
['Song 6'],1,1,2024-04-13 16:25:34.986224
['Song 1'],1,1,2024-04-13 16:25:34.986287
['Song 1'],1,1,2024-04-13 16:25:34.986351
['Song 10'],1,1,2024-04-13 16:25:34.986414
['Song 3'],1,1,2024-04-13 16:25:34.986478
['Song 8'],1,1,2024-04-13 16:25:34.986540
['song 7'],1,1,2024-04-13 16:25:34.986605
['Song 10'],1,1,2024-04-13 16:25:34.986675
['Song 1'],1,1,2024-04-13 16:25:34.986748
['Song 3'],1,1,2024-04-13 16:25:34.986817
['Song 3'],1,1,2024-04-13 16:25:34.986880
['Song 10'],1,1,2024-04-13 16:25:34.986944
['Song 10'],1,1,2024-04-13 16:25:34.987008
['Song 6'],1,1,2024-04-13 16:25:34.987072
['Song 2'],1,1,2024-04-13 16:25:34.987135
['Song 4'],1,1,2024-04-13 16:25:34.987199
['Song 2'],1,1,2024-04-13 16:25:34.987263
['Song 2'],1,1,2024-04-13 16:25:34.987328
['Song 8'],1,1,2024-04-13 16:25:34.987392
['Song 8'],1,1,2024-04-13 16:25:34.987455
['Song 6'],1,1,2024-04-13 16:25:34.987519
['Song 8'],1,1,2024-04-13 16:25:34.987590
['Song 4'],1,1,2024-04-13 16:25:34.987656
['Song 4'],1,1,2024-04-13 16:25:34.987721
['Song 10'],1,1,2024-04-13 16:25:34.987785
['Song 5'],1,1,2024-04-13 16:25:34.987864
['Song 6'],1,1,2024-04-13 16:25:34.987932
['Song 10'],1,1,2024-04-13 16:25:34.988002
['Song 1'],1,1,2024-04-13 16:25:34.988073
['Song 8'],1,1,2024-04-13 16:25:34.988145
['Song 8'],1,1,2024-04-13 16:25:34.988212
['Song 8'],1,1,2024-04-13 16:25:34.988278
['Song 10'],1,1,2024-04-13 16:25:34.988343
['Song 1'],1,1,2024-04-13 16:25:34.988408
['Song 6'],1,1,2024-04-13 16:25:34.988488
['Song 6'],1,1,2024-04-13 16:25:34.988552
['Song 6'],1,1,2024-04-13 16:25:34.988618
['Song 5'],1,1,2024-04-13 16:25:34.988685
['Song 4'],1,1,2024-04-13 16:25:34.988750
['Song 8'],1,1,2024-04-13 16:25:34.988817
['Song 9'],1,1,2024-04-13 16:25:34.988882
['Song 3'],1,1,2024-04-13 16:25:34.988949
['Song 3'],1,1,2024-04-13 16:25:34.989015
['Song 5'],1,1,2024-04-13 16:25:34.989081
['Song 2'],1,1,2024-04-13 16:25:34.989155
['Song 6'],1,1,2024-04-13 16:25:34.989229
['Song 10'],1,1,2024-04-13 16:25:34.989300
['Song 2'],1,1,2024-04-13 16:25:34.989371
['Song 9'],1,1,2024-04-13 16:25:34.989443
['Song 3'],1,1,2024-04-13 16:41:49.788892
['Song 6'],1,1,2024-04-13 16:41:49.789051
['Song 5'],1,1,2024-04-13 16:41:49.789138
['Song 6'],1,1,2024-04-13 16:41:49.789262
['Song 1'],1,1,2024-04-13 16:41:49.789326
['Song 2'],1,1,2024-04-13 16:41:49.789405
['Song 3'],1,1,2024-04-13 16:41:49.789485
['Song 2'],1,1,2024-04-13 16:41:49.789547
['Song 4'],1,1,2024-04-13 16:41:49.789610
['Song 8'],1,1,2024-04-13 16:41:49.789690
['Song 1'],1,1,2024-04-13 16:41:49.789740
['Song 10'],1,1,2024-04-13 16:41:49.789789
['Song 10'],1,1,2024-04-13 16:41:49.789851
['Song 3'],1,1,2024-04-13 16:41:49.789913
['Song 5'],1,1,2024-04-13 16:41:49.789989
['Song 1'],1,1,2024-04-13 16:41:49.790068
['Song 5'],1,1,2024-04-13 16:41:49.790146
['Song 5'],1,1,2024-04-13 16:41:49.790243
['Song 8'],1,1,2024-04-13 16:41:49.790307
['Song 5'],1,1,2024-04-13 16:41:49.790356
['Song 3'],1,1,2024-04-13 16:41:49.790406
['Song 9'],1,1,2024-04-13 16:41:49.790453
['Song 2'],1,1,2024-04-13 16:41:49.790502
['Song 8'],1,1,2024-04-13 16:41:49.790550
['Song 4'],1,1,2024-04-13 16:41:49.790596
['Song 10'],1,1,2024-04-13 16:41:49.790642
['Song 3'],1,1,2024-04-13 16:41:49.790688
['Song 9'],1,1,2024-04-13 16:41:49.790734
['Song 6'],1,1,2024-04-13 16:41:49.790782
['Song 8'],1,1,2024-04-13 16:41:49.790829
['Song 9'],1,1,2024-04-13 16:41:49.790877
['song 7'],1,1,2024-04-13 16:41:49.790924
['Song 5'],1,1,2024-04-13 16:41:49.790971
['Song 4'],1,1,2024-04-13 16:41:49.791017
['Song 5'],1,1,2024-04-13 16:41:49.791064
['Song 9'],1,1,2024-04-13 16:41:49.791110
['Song 6'],1,1,2024-04-13 16:41:49.791156
['Song 5'],1,1,2024-04-13 16:41:49.791202
['Song 6'],1,1,2024-04-13 16:41:49.791251
['Song 2'],1,1,2024-04-13 16:41:49.791299
['Song 8'],1,1,2024-04-13 16:41:49.791347
['Song 4'],1,1,2024-04-13 16:41:49.791394
['Song 10'],1,1,2024-04-13 16:41:49.791440
['song 7'],1,1,2024-04-13 16:41:49.791487
['Song 1'],1,1,2024-04-13 16:41:49.791533
['Song 2'],1,1,2024-04-13 16:41:49.791579
['Song 2'],1,1,2024-04-13 16:41:49.791627
['Song 6'],1,1,2024-04-13 16:41:49.791673
['Song 6'],1,1,2024-04-13 16:41:49.791720
['Song 8'],1,1,2024-04-13 16:41:49.791768
['Song 8'],1,1,2024-04-13 16:41:49.791817
['Song 9'],1,1,2024-04-13 16:41:49.791864
['Song 5'],1,1,2024-04-13 16:41:49.791912
['Song 6'],1,1,2024-04-13 16:41:49.791959
['Song 10'],1,1,2024-04-13 16:41:49.792006
['Song 4'],1,1,2024-04-13 16:41:49.792054
['song 7'],1,1,2024-04-13 16:41:49.792103
['Song 9'],1,1,2024-04-13 16:41:49.792150
['Song 8'],1,1,2024-04-13 16:41:49.792199
['Song 2'],1,1,2024-04-13 16:41:49.792248
['Song 9'],1,1,2024-04-13 16:41:49.792309
['song 7'],1,1,2024-04-13 16:41:49.792371
['Song 6'],1,1,2024-04-13 16:41:49.792430
['Song 5'],1,1,2024-04-13 16:41:49.792498
['song 7'],1,1,2024-04-13 16:41:49.792560
['Song 8'],1,1,2024-04-13 16:41:49.792620
['Song 9'],1,1,2024-04-13 16:41:49.792678
['Song 10'],1,1,2024-04-13 16:41:49.792738
['Song 4'],1,1,2024-04-13 16:41:49.792796
['Song 2'],1,1,2024-04-13 16:41:49.792855
['Song 1'],1,1,2024-04-13 16:41:49.792914
['Song 8'],1,1,2024-04-13 16:41:49.792972
['Song 9'],1,1,2024-04-13 16:41:49.793030
['song 7'],1,1,2024-04-13 16:41:49.793091
['Song 4'],1,1,2024-04-13 16:41:49.793149
['song 7'],1,1,2024-04-13 16:41:49.793208
['Song 4'],1,1,2024-04-13 16:41:49.793264
['Song 4'],1,1,2024-04-13 16:41:49.793322
['Song 10'],1,1,2024-04-13 16:41:49.793380
['Song 4'],1,1,2024-04-13 16:41:49.793437
['Song 6'],1,1,2024-04-13 16:41:49.793502
['Song 5'],1,1,2024-04-13 16:41:49.793562
['song 7'],1,1,2024-04-13 16:41:49.793621
['song 7'],1,1,2024-04-13 16:41:49.793683
['Song 2'],1,1,2024-04-13 16:41:49.793755
['Song 8'],1,1,2024-04-13 16:41:49.793825
['Song 3'],1,1,2024-04-13 16:41:49.793898
['Song 4'],1,1,2024-04-13 16:41:49.793970
['Song 9'],1,1,2024-04-13 16:41:49.794046
['Song 3'],1,1,2024-04-13 16:41:49.794124
['Song 8'],1,1,2024-04-13 16:41:49.794207
['Song 9'],1,1,2024-04-13 16:41:49.794289
['Song 2'],1,1,2024-04-13 16:41:49.794368
['Song 4'],1,1,2024-04-13 16:41:49.794447
['song 7'],1,1,2024-04-13 16:41:49.794527
['Song 4'],1,1,2024-04-13 16:41:49.794608
['Song 1'],1,1,2024-04-13 16:41:49.794689
['Song 1'],1,1,2024-04-13 16:41:49.794771
['Song 8'],1,1,2024-04-13 16:41:49.794852
['Song 4'],1,1,2024-04-13 16:41:49.794932
['Song 9'],1,1,2024-04-13 16:41:53.127197
['Song 6'],1,1,2024-04-13 16:41:53.127352
['Song 6'],1,1,2024-04-13 16:41:53.127478
['Song 4'],1,1,2024-04-13 16:41:53.127610
['Song 5'],1,1,2024-04-13 16:41:53.127745
['song 7'],1,1,2024-04-13 16:41:53.127895
['Song 9'],1,1,2024-04-13 16:41:53.127988
['Song 9'],1,1,2024-04-13 16:41:53.128091
['song 7'],1,1,2024-04-13 16:41:53.128177
['Song 1'],1,1,2024-04-13 16:41:53.128261
['Song 8'],1,1,2024-04-13 16:41:53.128315
['Song 3'],1,1,2024-04-13 16:41:53.128399
['Song 8'],1,1,2024-04-13 16:41:53.128453
['Song 6'],1,1,2024-04-13 16:41:53.128517
['Song 5'],1,1,2024-04-13 16:41:53.128571
['Song 9'],1,1,2024-04-13 16:41:53.128624
['Song 10'],1,1,2024-04-13 16:41:53.128678
['Song 2'],1,1,2024-04-13 16:41:53.128738
['Song 6'],1,1,2024-04-13 16:41:53.128793
['Song 3'],1,1,2024-04-13 16:41:53.128847
['Song 5'],1,1,2024-04-13 16:41:53.128901
['Song 5'],1,1,2024-04-13 16:41:53.128955
['Song 10'],1,1,2024-04-13 16:41:53.129009
['Song 1'],1,1,2024-04-13 16:41:53.129061
['Song 6'],1,1,2024-04-13 16:41:53.129114
['Song 3'],1,1,2024-04-13 16:41:53.129167
['Song 6'],1,1,2024-04-13 16:41:53.129221
['Song 8'],1,1,2024-04-13 16:41:53.129276
['Song 8'],1,1,2024-04-13 16:41:53.129330
['Song 1'],1,1,2024-04-13 16:41:53.129383
['Song 3'],1,1,2024-04-13 16:41:53.129437
['Song 3'],1,1,2024-04-13 16:41:53.129515
['Song 1'],1,1,2024-04-13 16:41:53.129592
['Song 8'],1,1,2024-04-13 16:41:53.129661
['Song 6'],1,1,2024-04-13 16:41:53.129729
['Song 5'],1,1,2024-04-13 16:41:53.129795
['Song 4'],1,1,2024-04-13 16:41:53.129862
['Song 8'],1,1,2024-04-13 16:41:53.129928
['Song 5'],1,1,2024-04-13 16:41:53.129985
['Song 2'],1,1,2024-04-13 16:41:53.130038
['song 7'],1,1,2024-04-13 16:41:53.130091
['song 7'],1,1,2024-04-13 16:41:53.130143
['Song 4'],1,1,2024-04-13 16:41:53.130209
['Song 4'],1,1,2024-04-13 16:41:53.130265
['Song 4'],1,1,2024-04-13 16:41:53.130317
['Song 8'],1,1,2024-04-13 16:41:53.130388
['Song 6'],1,1,2024-04-13 16:41:53.130443
['Song 4'],1,1,2024-04-13 16:41:53.130495
['Song 10'],1,1,2024-04-13 16:41:53.130547
['Song 8'],1,1,2024-04-13 16:41:53.130599
['Song 2'],1,1,2024-04-13 16:41:53.130650
['Song 6'],1,1,2024-04-13 16:41:53.130701
['Song 3'],1,1,2024-04-13 16:41:53.130752
['Song 10'],1,1,2024-04-13 16:41:53.130804
['Song 8'],1,1,2024-04-13 16:41:53.130854
['Song 5'],1,1,2024-04-13 16:41:53.130906
['Song 2'],1,1,2024-04-13 16:41:53.130957
['Song 9'],1,1,2024-04-13 16:41:53.131008
['Song 2'],1,1,2024-04-13 16:41:53.131063
['Song 4'],1,1,2024-04-13 16:41:53.131115
['Song 1'],1,1,2024-04-13 16:41:53.131166
['Song 8'],1,1,2024-04-13 16:41:53.131220
['Song 8'],1,1,2024-04-13 16:41:53.131295
['Song 5'],1,1,2024-04-13 16:41:53.131372
['Song 10'],1,1,2024-04-13 16:41:53.131451
['Song 10'],1,1,2024-04-13 16:41:53.131523
['Song 1'],1,1,2024-04-13 16:41:53.131607
['Song 5'],1,1,2024-04-13 16:41:53.131674
['Song 8'],1,1,2024-04-13 16:41:53.131750
['Song 6'],1,1,2024-04-13 16:41:53.131821
['Song 1'],1,1,2024-04-13 16:41:53.131897
['Song 1'],1,1,2024-04-13 16:41:53.131973
['Song 3'],1,1,2024-04-13 16:41:53.132061
['Song 1'],1,1,2024-04-13 16:41:53.132148
['Song 3'],1,1,2024-04-13 16:41:53.132234
['Song 10'],1,1,2024-04-13 16:41:53.132319
['Song 8'],1,1,2024-04-13 16:41:53.132409
['Song 9'],1,1,2024-04-13 16:41:53.132501
['Song 5'],1,1,2024-04-13 16:41:53.132585
['Song 9'],1,1,2024-04-13 16:41:53.132667
['Song 4'],1,1,2024-04-13 16:41:53.132749
['Song 6'],1,1,2024-04-13 16:41:53.132831
['Song 6'],1,1,2024-04-13 16:41:53.132915
['Song 9'],1,1,2024-04-13 16:41:53.132999
['Song 1'],1,1,2024-04-13 16:41:53.133074
['song 7'],1,1,2024-04-13 16:41:53.133143
['Song 6'],1,1,2024-04-13 16:41:53.133214
['song 7'],1,1,2024-04-13 16:41:53.133282
['Song 1'],1,1,2024-04-13 16:41:53.133356
['Song 9'],1,1,2024-04-13 16:41:53.133429
['Song 2'],1,1,2024-04-13 16:41:53.133502
['Song 5'],1,1,2024-04-13 16:41:53.133572
['Song 2'],1,1,2024-04-13 16:41:53.133647
['Song 6'],1,1,2024-04-13 16:41:53.133724
['song 7'],1,1,2024-04-13 16:41:53.133804
['Song 1'],1,1,2024-04-13 16:41:53.133886
['Song 8'],1,1,2024-04-13 16:41:53.133969
['Song 3'],1,1,2024-04-13 16:41:53.134051
['Song 1'],1,1,2024-04-13 16:41:53.134131
['Song 1'],1,1,2024-04-13 16:41:53.134205
['Song 1'],1,1,2024-04-13 16:44:55.605757
['song 7'],1,1,2024-04-13 16:44:55.605855
['Song 10'],1,1,2024-04-13 16:44:55.605955
['Song 6'],1,1,2024-04-13 16:44:55.606078
['Song 2'],1,1,2024-04-13 16:44:55.606151
['Song 1'],1,1,2024-04-13 16:44:55.606289
['Song 6'],1,1,2024-04-13 16:44:55.606408
['Song 10'],1,1,2024-04-13 16:44:55.606470
['song 7'],1,1,2024-04-13 16:44:55.606576
['Song 4'],1,1,2024-04-13 16:44:55.606669
['song 7'],1,1,2024-04-13 16:44:55.606769
['Song 3'],1,1,2024-04-13 16:44:55.606848
['Song 6'],1,1,2024-04-13 16:44:55.606908
['Song 9'],1,1,2024-04-13 16:44:55.606996
['Song 9'],1,1,2024-04-13 16:44:55.607054
['song 7'],1,1,2024-04-13 16:44:55.607114
['song 7'],1,1,2024-04-13 16:44:55.607173
['Song 5'],1,1,2024-04-13 16:44:55.607231
['song 7'],1,1,2024-04-13 16:44:55.607289
['Song 6'],1,1,2024-04-13 16:44:55.607348
['Song 9'],1,1,2024-04-13 16:44:55.607405
['Song 6'],1,1,2024-04-13 16:44:55.607463
['Song 8'],1,1,2024-04-13 16:44:55.607528
['Song 2'],1,1,2024-04-13 16:44:55.607589
['Song 3'],1,1,2024-04-13 16:44:55.607652
['Song 9'],1,1,2024-04-13 16:44:55.607731
['Song 6'],1,1,2024-04-13 16:44:55.607810
['Song 10'],1,1,2024-04-13 16:44:55.607883
['Song 4'],1,1,2024-04-13 16:44:55.607962
['Song 1'],1,1,2024-04-13 16:44:55.608066
['Song 10'],1,1,2024-04-13 16:44:55.608130
['Song 1'],1,1,2024-04-13 16:44:55.608207
['song 7'],1,1,2024-04-13 16:44:55.608285
['Song 10'],1,1,2024-04-13 16:44:55.608359
['Song 4'],1,1,2024-04-13 16:44:55.608442
['Song 3'],1,1,2024-04-13 16:44:55.608533
['Song 2'],1,1,2024-04-13 16:44:55.608609
['Song 6'],1,1,2024-04-13 16:44:55.608687
['Song 6'],1,1,2024-04-13 16:44:55.608763
['song 7'],1,1,2024-04-13 16:44:55.608840
['Song 10'],1,1,2024-04-13 16:44:55.608915
['Song 6'],1,1,2024-04-13 16:44:55.609024
['Song 1'],1,1,2024-04-13 16:44:55.609104
['Song 3'],1,1,2024-04-13 16:44:55.609180
['Song 3'],1,1,2024-04-13 16:44:55.609260
['Song 1'],1,1,2024-04-13 16:44:55.609335
['Song 2'],1,1,2024-04-13 16:44:55.609412
['Song 6'],1,1,2024-04-13 16:44:55.609487
['Song 5'],1,1,2024-04-13 16:44:55.609564
['Song 8'],1,1,2024-04-13 16:44:55.609638
['Song 2'],1,1,2024-04-13 16:44:55.609714
['Song 9'],1,1,2024-04-13 16:44:55.609791
['Song 2'],1,1,2024-04-13 16:44:55.609866
['Song 6'],1,1,2024-04-13 16:44:55.609942
['Song 1'],1,1,2024-04-13 16:44:55.610016
['song 7'],1,1,2024-04-13 16:44:55.610093
['Song 9'],1,1,2024-04-13 16:44:55.610168
['song 7'],1,1,2024-04-13 16:44:55.610245
['song 7'],1,1,2024-04-13 16:44:55.610319
['Song 8'],1,1,2024-04-13 16:44:55.610394
['Song 8'],1,1,2024-04-13 16:44:55.610470
['Song 8'],1,1,2024-04-13 16:44:55.610548
['Song 4'],1,1,2024-04-13 16:44:55.610627
['Song 6'],1,1,2024-04-13 16:44:55.610705
['Song 1'],1,1,2024-04-13 16:44:55.610777
['song 7'],1,1,2024-04-13 16:44:55.610843
['Song 8'],1,1,2024-04-13 16:44:55.610907
['Song 2'],1,1,2024-04-13 16:44:55.610969
['Song 6'],1,1,2024-04-13 16:44:55.611028
['Song 1'],1,1,2024-04-13 16:44:55.611085
['Song 2'],1,1,2024-04-13 16:44:55.611143
['Song 10'],1,1,2024-04-13 16:44:55.611208
['Song 1'],1,1,2024-04-13 16:44:55.611265
['Song 4'],1,1,2024-04-13 16:44:55.611325
['Song 4'],1,1,2024-04-13 16:44:55.611387
['Song 9'],1,1,2024-04-13 16:44:55.611444
['Song 10'],1,1,2024-04-13 16:44:55.611501
['Song 10'],1,1,2024-04-13 16:44:55.611558
['Song 5'],1,1,2024-04-13 16:44:55.611614
['Song 6'],1,1,2024-04-13 16:44:55.611671
['Song 8'],1,1,2024-04-13 16:44:55.611727
['Song 6'],1,1,2024-04-13 16:44:55.611784
['Song 2'],1,1,2024-04-13 16:44:55.611840
['Song 8'],1,1,2024-04-13 16:44:55.611897
['Song 4'],1,1,2024-04-13 16:44:55.611953
['Song 4'],1,1,2024-04-13 16:44:55.612010
['Song 2'],1,1,2024-04-13 16:44:55.612086
['Song 9'],1,1,2024-04-13 16:44:55.612147
['Song 4'],1,1,2024-04-13 16:44:55.612206
['song 7'],1,1,2024-04-13 16:44:55.612264
['Song 8'],1,1,2024-04-13 16:44:55.612324
['Song 2'],1,1,2024-04-13 16:44:55.612381
['Song 6'],1,1,2024-04-13 16:44:55.612441
['Song 5'],1,1,2024-04-13 16:44:55.612511
['Song 1'],1,1,2024-04-13 16:44:55.612571
['song 7'],1,1,2024-04-13 16:44:55.612630
['Song 8'],1,1,2024-04-13 16:44:55.612690
['song 7'],1,1,2024-04-13 16:44:55.612752
['Song 8'],1,1,2024-04-13 16:44:55.612813
['Song 8'],1,1,2024-04-13 16:44:55.612873
['Song 2'],1,1,2024-04-13 16:45:05.614834
['Song 3'],1,1,2024-04-13 16:45:05.615219
['Song 3'],1,1,2024-04-13 16:45:05.615539
['Song 5'],1,1,2024-04-13 16:45:05.615792
['Song 8'],1,1,2024-04-13 16:45:05.616094
['Song 5'],1,1,2024-04-13 16:45:05.616500
['Song 3'],1,1,2024-04-13 16:45:05.616854
['song 7'],1,1,2024-04-13 16:45:05.617198
['Song 9'],1,1,2024-04-13 16:45:05.617539
['Song 1'],1,1,2024-04-13 16:45:05.617874
['Song 6'],1,1,2024-04-13 16:45:05.618214
['song 7'],1,1,2024-04-13 16:45:05.618552
['Song 8'],1,1,2024-04-13 16:45:05.618890
['song 7'],1,1,2024-04-13 16:45:05.619230
['Song 2'],1,1,2024-04-13 16:45:05.619559
['Song 1'],1,1,2024-04-13 16:45:05.619906
['Song 10'],1,1,2024-04-13 16:45:05.620244
['Song 1'],1,1,2024-04-13 16:45:05.620638
['song 7'],1,1,2024-04-13 16:45:05.621024
['Song 5'],1,1,2024-04-13 16:45:05.621449
['Song 2'],1,1,2024-04-13 16:45:05.621814
['Song 10'],1,1,2024-04-13 16:45:05.622174
['Song 3'],1,1,2024-04-13 16:45:05.622525
['Song 3'],1,1,2024-04-13 16:45:05.622850
['song 7'],1,1,2024-04-13 16:45:05.623196
['Song 5'],1,1,2024-04-13 16:45:05.623536
['Song 1'],1,1,2024-04-13 16:45:05.623872
['song 7'],1,1,2024-04-13 16:45:05.624203
['Song 3'],1,1,2024-04-13 16:45:05.624567
['Song 5'],1,1,2024-04-13 16:45:05.624904
['Song 1'],1,1,2024-04-13 16:45:05.625322
['Song 6'],1,1,2024-04-13 16:45:05.625675
['Song 2'],1,1,2024-04-13 16:45:05.626090
['Song 4'],1,1,2024-04-13 16:45:05.626491
['Song 4'],1,1,2024-04-13 16:45:05.626902
['Song 10'],1,1,2024-04-13 16:45:05.627319
['song 7'],1,1,2024-04-13 16:45:05.627735
['Song 9'],1,1,2024-04-13 16:45:05.628156
['Song 9'],1,1,2024-04-13 16:45:05.628605
['Song 9'],1,1,2024-04-13 16:45:05.629037
['Song 8'],1,1,2024-04-13 16:45:05.629435
['song 7'],1,1,2024-04-13 16:45:05.629830
['Song 10'],1,1,2024-04-13 16:45:05.630172
['Song 10'],1,1,2024-04-13 16:45:05.630518
['Song 8'],1,1,2024-04-13 16:45:05.630879
['Song 2'],1,1,2024-04-13 16:45:05.631212
['Song 3'],1,1,2024-04-13 16:45:05.631539
['Song 5'],1,1,2024-04-13 16:45:05.631880
['Song 1'],1,1,2024-04-13 16:45:05.632226
['Song 10'],1,1,2024-04-13 16:45:05.632582
['Song 4'],1,1,2024-04-13 16:45:05.632919
['Song 2'],1,1,2024-04-13 16:45:05.633254
['Song 4'],1,1,2024-04-13 16:45:05.633599
['Song 2'],1,1,2024-04-13 16:45:05.633941
['Song 9'],1,1,2024-04-13 16:45:05.634276
['song 7'],1,1,2024-04-13 16:45:05.634614
['Song 1'],1,1,2024-04-13 16:45:05.634938
['Song 5'],1,1,2024-04-13 16:45:05.635280
['Song 8'],1,1,2024-04-13 16:45:05.635622
['Song 3'],1,1,2024-04-13 16:45:05.635969
['Song 10'],1,1,2024-04-13 16:45:05.636311
['song 7'],1,1,2024-04-13 16:45:05.636657
['song 7'],1,1,2024-04-13 16:45:05.636721
['Song 1'],1,1,2024-04-13 16:45:05.636785
['Song 3'],1,1,2024-04-13 16:45:05.636850
['Song 6'],1,1,2024-04-13 16:45:05.636914
['Song 1'],1,1,2024-04-13 16:45:05.636995
['song 7'],1,1,2024-04-13 16:45:05.637082
['Song 6'],1,1,2024-04-13 16:45:05.637152
['Song 10'],1,1,2024-04-13 16:45:05.637238
['Song 4'],1,1,2024-04-13 16:45:05.637320
['Song 1'],1,1,2024-04-13 16:45:05.637406
['Song 6'],1,1,2024-04-13 16:45:05.637493
['Song 3'],1,1,2024-04-13 16:45:05.637576
['Song 4'],1,1,2024-04-13 16:45:05.637651
['Song 1'],1,1,2024-04-13 16:45:05.637726
['Song 9'],1,1,2024-04-13 16:45:05.637800
['Song 8'],1,1,2024-04-13 16:45:05.637875
['song 7'],1,1,2024-04-13 16:45:05.637957
['song 7'],1,1,2024-04-13 16:45:05.638041
['Song 3'],1,1,2024-04-13 16:45:05.638123
['Song 10'],1,1,2024-04-13 16:45:05.638196
['Song 5'],1,1,2024-04-13 16:45:05.638273
['Song 2'],1,1,2024-04-13 16:45:05.638347
['Song 9'],1,1,2024-04-13 16:45:05.638427
['Song 9'],1,1,2024-04-13 16:45:05.638500
['Song 8'],1,1,2024-04-13 16:45:05.638573
['Song 3'],1,1,2024-04-13 16:45:05.638645
['song 7'],1,1,2024-04-13 16:45:05.638719
['song 7'],1,1,2024-04-13 16:45:05.638791
['Song 4'],1,1,2024-04-13 16:45:05.638863
['Song 2'],1,1,2024-04-13 16:45:05.638936
['Song 3'],1,1,2024-04-13 16:45:05.639008
['song 7'],1,1,2024-04-13 16:45:05.639081
['Song 8'],1,1,2024-04-13 16:45:05.639156
['Song 5'],1,1,2024-04-13 16:45:05.639226
['Song 5'],1,1,2024-04-13 16:45:05.639298
['Song 3'],1,1,2024-04-13 16:45:05.639369
['Song 4'],1,1,2024-04-13 16:45:05.639439
['Song 2'],1,1,2024-04-13 16:45:05.639509
['Song 3'],1,1,2024-04-13 16:45:15.615379
['Song 6'],1,1,2024-04-13 16:45:15.615778
['Song 10'],1,1,2024-04-13 16:45:15.616109
['Song 2'],1,1,2024-04-13 16:45:15.616383
['Song 3'],1,1,2024-04-13 16:45:15.616682
['Song 5'],1,1,2024-04-13 16:45:15.616940
['Song 2'],1,1,2024-04-13 16:45:15.617194
['Song 5'],1,1,2024-04-13 16:45:15.617440
['Song 10'],1,1,2024-04-13 16:45:15.617678
['Song 8'],1,1,2024-04-13 16:45:15.617928
['Song 9'],1,1,2024-04-13 16:45:15.618172
['Song 6'],1,1,2024-04-13 16:45:15.618407
['Song 3'],1,1,2024-04-13 16:45:15.618639
['Song 6'],1,1,2024-04-13 16:45:15.618872
['Song 5'],1,1,2024-04-13 16:45:15.619106
['Song 5'],1,1,2024-04-13 16:45:15.619339
['Song 5'],1,1,2024-04-13 16:45:15.619569
['Song 2'],1,1,2024-04-13 16:45:15.619801
['Song 1'],1,1,2024-04-13 16:45:15.620038
['Song 8'],1,1,2024-04-13 16:45:15.620271
['Song 9'],1,1,2024-04-13 16:45:15.620545
['Song 6'],1,1,2024-04-13 16:45:15.620800
['Song 9'],1,1,2024-04-13 16:45:15.621040
['Song 1'],1,1,2024-04-13 16:45:15.621294
['Song 5'],1,1,2024-04-13 16:45:15.621542
['Song 10'],1,1,2024-04-13 16:45:15.621819
['Song 2'],1,1,2024-04-13 16:45:15.622089
['Song 5'],1,1,2024-04-13 16:45:15.622355
['Song 10'],1,1,2024-04-13 16:45:15.622672
['Song 6'],1,1,2024-04-13 16:45:15.623023
['Song 5'],1,1,2024-04-13 16:45:15.623317
['Song 6'],1,1,2024-04-13 16:45:15.623578
['Song 9'],1,1,2024-04-13 16:45:15.623968
['Song 5'],1,1,2024-04-13 16:45:15.624386
['Song 2'],1,1,2024-04-13 16:45:15.624844
['Song 2'],1,1,2024-04-13 16:45:15.625276
['Song 5'],1,1,2024-04-13 16:45:15.625696
['Song 6'],1,1,2024-04-13 16:45:15.626108
['Song 6'],1,1,2024-04-13 16:45:15.626511
['Song 2'],1,1,2024-04-13 16:45:15.626908
['Song 4'],1,1,2024-04-13 16:45:15.627303
['Song 4'],1,1,2024-04-13 16:45:15.627638
['Song 4'],1,1,2024-04-13 16:45:15.627906
['Song 4'],1,1,2024-04-13 16:45:15.628169
['Song 9'],1,1,2024-04-13 16:45:15.628411
['Song 3'],1,1,2024-04-13 16:45:15.628693
['Song 5'],1,1,2024-04-13 16:45:15.628951
['Song 2'],1,1,2024-04-13 16:45:15.629196
['Song 5'],1,1,2024-04-13 16:45:15.629440
['Song 3'],1,1,2024-04-13 16:45:15.629678
['Song 10'],1,1,2024-04-13 16:45:15.629915
['Song 10'],1,1,2024-04-13 16:45:15.630151
['Song 3'],1,1,2024-04-13 16:45:15.630385
['Song 8'],1,1,2024-04-13 16:45:15.630620
['song 7'],1,1,2024-04-13 16:45:15.630855
['song 7'],1,1,2024-04-13 16:45:15.631092
['Song 2'],1,1,2024-04-13 16:45:15.631331
['Song 8'],1,1,2024-04-13 16:45:15.631577
['song 7'],1,1,2024-04-13 16:45:15.631824
['Song 8'],1,1,2024-04-13 16:45:15.632071
['Song 3'],1,1,2024-04-13 16:45:15.632314
['Song 4'],1,1,2024-04-13 16:45:15.632667
['Song 6'],1,1,2024-04-13 16:45:15.633103
['Song 3'],1,1,2024-04-13 16:45:15.633528
['Song 6'],1,1,2024-04-13 16:45:15.633957
['Song 10'],1,1,2024-04-13 16:45:15.634384
['Song 8'],1,1,2024-04-13 16:45:15.634825
['Song 1'],1,1,2024-04-13 16:45:15.635254
['Song 10'],1,1,2024-04-13 16:45:15.635681
['Song 4'],1,1,2024-04-13 16:45:15.635805
['Song 8'],1,1,2024-04-13 16:45:15.635916
['Song 4'],1,1,2024-04-13 16:45:15.635997
['Song 10'],1,1,2024-04-13 16:45:15.636078
['Song 1'],1,1,2024-04-13 16:45:15.636156
['Song 5'],1,1,2024-04-13 16:45:15.636233
['Song 6'],1,1,2024-04-13 16:45:15.636308
['Song 10'],1,1,2024-04-13 16:45:15.636381
['Song 2'],1,1,2024-04-13 16:45:15.636442
['Song 3'],1,1,2024-04-13 16:45:15.636501
['Song 8'],1,1,2024-04-13 16:45:15.636552
['Song 2'],1,1,2024-04-13 16:45:15.636604
['Song 2'],1,1,2024-04-13 16:45:15.636655
['Song 2'],1,1,2024-04-13 16:45:15.636728
['Song 2'],1,1,2024-04-13 16:45:15.636809
['Song 3'],1,1,2024-04-13 16:45:15.636883
['Song 2'],1,1,2024-04-13 16:45:15.636972
['Song 2'],1,1,2024-04-13 16:45:15.637044
['Song 6'],1,1,2024-04-13 16:45:15.637113
['song 7'],1,1,2024-04-13 16:45:15.637193
['Song 5'],1,1,2024-04-13 16:45:15.637262
['Song 10'],1,1,2024-04-13 16:45:15.637339
['Song 4'],1,1,2024-04-13 16:45:15.637410
['song 7'],1,1,2024-04-13 16:45:15.637481
['Song 8'],1,1,2024-04-13 16:45:15.637543
['Song 8'],1,1,2024-04-13 16:45:15.637623
['Song 1'],1,1,2024-04-13 16:45:15.637708
['Song 9'],1,1,2024-04-13 16:45:15.637795
['Song 8'],1,1,2024-04-13 16:45:15.637878
['Song 4'],1,1,2024-04-13 16:45:15.637947
['Song 8'],1,1,2024-04-13 16:45:15.638015
['Song 3'],1,1,2024-04-13 16:45:25.616090
['Song 9'],1,1,2024-04-13 16:45:25.616536
['Song 9'],1,1,2024-04-13 16:45:25.617004
['Song 2'],1,1,2024-04-13 16:45:25.617348
['Song 10'],1,1,2024-04-13 16:45:25.617757
['Song 10'],1,1,2024-04-13 16:45:25.618136
['Song 5'],1,1,2024-04-13 16:45:25.618484
['Song 9'],1,1,2024-04-13 16:45:25.618800
['Song 4'],1,1,2024-04-13 16:45:25.619105
['song 7'],1,1,2024-04-13 16:45:25.619418
['Song 2'],1,1,2024-04-13 16:45:25.619723
['Song 8'],1,1,2024-04-13 16:45:25.620031
['song 7'],1,1,2024-04-13 16:45:25.620331
['Song 5'],1,1,2024-04-13 16:45:25.620680
['Song 1'],1,1,2024-04-13 16:45:25.620993
['Song 4'],1,1,2024-04-13 16:45:25.621310
['Song 10'],1,1,2024-04-13 16:45:25.621713
['Song 10'],1,1,2024-04-13 16:45:25.622134
['Song 6'],1,1,2024-04-13 16:45:25.622576
['Song 10'],1,1,2024-04-13 16:45:25.623028
['song 7'],1,1,2024-04-13 16:45:25.623466
['Song 6'],1,1,2024-04-13 16:45:25.623861
['Song 9'],1,1,2024-04-13 16:45:25.624250
['Song 1'],1,1,2024-04-13 16:45:25.624683
['song 7'],1,1,2024-04-13 16:45:25.625058
['Song 3'],1,1,2024-04-13 16:45:25.625469
['song 7'],1,1,2024-04-13 16:45:25.625905
['Song 9'],1,1,2024-04-13 16:45:25.626355
['Song 4'],1,1,2024-04-13 16:45:25.626797
['Song 9'],1,1,2024-04-13 16:45:25.627233
['Song 4'],1,1,2024-04-13 16:45:25.627668
['Song 3'],1,1,2024-04-13 16:45:25.628092
['Song 6'],1,1,2024-04-13 16:45:25.628555
['Song 9'],1,1,2024-04-13 16:45:25.628975
['Song 9'],1,1,2024-04-13 16:45:25.629347
['Song 2'],1,1,2024-04-13 16:45:25.629709
['Song 2'],1,1,2024-04-13 16:45:25.630076
['Song 6'],1,1,2024-04-13 16:45:25.630446
['Song 3'],1,1,2024-04-13 16:45:25.630809
['Song 4'],1,1,2024-04-13 16:45:25.631169
['Song 1'],1,1,2024-04-13 16:45:25.631533
['Song 1'],1,1,2024-04-13 16:45:25.631891
['Song 1'],1,1,2024-04-13 16:45:25.632238
['Song 6'],1,1,2024-04-13 16:45:25.632614
['Song 10'],1,1,2024-04-13 16:45:25.632987
['Song 8'],1,1,2024-04-13 16:45:25.633357
['Song 8'],1,1,2024-04-13 16:45:25.633790
['Song 2'],1,1,2024-04-13 16:45:25.634196
['Song 1'],1,1,2024-04-13 16:45:25.634612
['Song 1'],1,1,2024-04-13 16:45:25.635026
['Song 10'],1,1,2024-04-13 16:45:25.635428
['Song 1'],1,1,2024-04-13 16:45:25.635831
['Song 10'],1,1,2024-04-13 16:45:25.636229
['Song 9'],1,1,2024-04-13 16:45:25.636688
['Song 5'],1,1,2024-04-13 16:45:25.637120
['Song 3'],1,1,2024-04-13 16:45:25.637529
['Song 4'],1,1,2024-04-13 16:45:25.637986
['Song 10'],1,1,2024-04-13 16:45:25.638423
['Song 9'],1,1,2024-04-13 16:45:25.638861
['Song 10'],1,1,2024-04-13 16:45:25.639290
['Song 3'],1,1,2024-04-13 16:45:25.639700
['Song 10'],1,1,2024-04-13 16:45:25.640097
['Song 9'],1,1,2024-04-13 16:45:25.640492
['Song 2'],1,1,2024-04-13 16:45:25.640890
['song 7'],1,1,2024-04-13 16:45:25.641265
['Song 8'],1,1,2024-04-13 16:45:25.641647
['Song 10'],1,1,2024-04-13 16:45:25.642037
['song 7'],1,1,2024-04-13 16:45:25.642402
['Song 6'],1,1,2024-04-13 16:45:25.642773
['Song 4'],1,1,2024-04-13 16:45:25.643147
['Song 1'],1,1,2024-04-13 16:45:25.643526
['Song 9'],1,1,2024-04-13 16:45:25.643891
['Song 5'],1,1,2024-04-13 16:45:25.644264
['Song 8'],1,1,2024-04-13 16:45:25.644694
['Song 2'],1,1,2024-04-13 16:45:25.645101
['song 7'],1,1,2024-04-13 16:45:25.645522
['Song 1'],1,1,2024-04-13 16:45:25.645902
['Song 4'],1,1,2024-04-13 16:45:25.646333
['Song 1'],1,1,2024-04-13 16:45:25.646777
['Song 3'],1,1,2024-04-13 16:45:25.647225
['Song 6'],1,1,2024-04-13 16:45:25.647624
['song 7'],1,1,2024-04-13 16:45:25.648070
['Song 6'],1,1,2024-04-13 16:45:25.648544
['Song 5'],1,1,2024-04-13 16:45:25.648950
['Song 4'],1,1,2024-04-13 16:45:25.649332
['Song 3'],1,1,2024-04-13 16:45:25.649709
['Song 3'],1,1,2024-04-13 16:45:25.650091
['Song 4'],1,1,2024-04-13 16:45:25.650467
['Song 6'],1,1,2024-04-13 16:45:25.650843
['Song 8'],1,1,2024-04-13 16:45:25.651224
['Song 2'],1,1,2024-04-13 16:45:25.651589
['song 7'],1,1,2024-04-13 16:45:25.651954
['Song 10'],1,1,2024-04-13 16:45:25.652343
['Song 10'],1,1,2024-04-13 16:45:25.652771
['Song 3'],1,1,2024-04-13 16:45:25.653159
['Song 9'],1,1,2024-04-13 16:45:25.653534
['Song 2'],1,1,2024-04-13 16:45:25.653927
['Song 10'],1,1,2024-04-13 16:45:25.654362
['Song 8'],1,1,2024-04-13 16:45:25.654780
['Song 4'],1,1,2024-04-13 16:45:25.655185
['song 7'],1,1,2024-04-13 16:45:35.616538
['Song 1'],1,1,2024-04-13 16:45:35.616959
['Song 4'],1,1,2024-04-13 16:45:35.617346
['Song 1'],1,1,2024-04-13 16:45:35.617672
['Song 9'],1,1,2024-04-13 16:45:35.618009
['Song 4'],1,1,2024-04-13 16:45:35.618330
['Song 6'],1,1,2024-04-13 16:45:35.618672
['Song 10'],1,1,2024-04-13 16:45:35.619004
['song 7'],1,1,2024-04-13 16:45:35.619334
['Song 5'],1,1,2024-04-13 16:45:35.619627
['Song 10'],1,1,2024-04-13 16:45:35.619943
['Song 8'],1,1,2024-04-13 16:45:35.620275
['Song 9'],1,1,2024-04-13 16:45:35.620628
['Song 1'],1,1,2024-04-13 16:45:35.620953
['song 7'],1,1,2024-04-13 16:45:35.621240
['Song 1'],1,1,2024-04-13 16:45:35.621537
['Song 1'],1,1,2024-04-13 16:45:35.621814
['Song 1'],1,1,2024-04-13 16:45:35.622064
['Song 3'],1,1,2024-04-13 16:45:35.622306
['Song 3'],1,1,2024-04-13 16:45:35.622566
['Song 2'],1,1,2024-04-13 16:45:35.622836
['Song 4'],1,1,2024-04-13 16:45:35.623173
['Song 4'],1,1,2024-04-13 16:45:35.623492
['Song 1'],1,1,2024-04-13 16:45:35.623822
['Song 3'],1,1,2024-04-13 16:45:35.624143
['Song 4'],1,1,2024-04-13 16:45:35.624450
['Song 9'],1,1,2024-04-13 16:45:35.624789
['Song 6'],1,1,2024-04-13 16:45:35.625129
['Song 6'],1,1,2024-04-13 16:45:35.625426
['song 7'],1,1,2024-04-13 16:45:35.625724
['Song 10'],1,1,2024-04-13 16:45:35.626028
['Song 10'],1,1,2024-04-13 16:45:35.626353
['Song 2'],1,1,2024-04-13 16:45:35.626722
['Song 6'],1,1,2024-04-13 16:45:35.627042
['Song 6'],1,1,2024-04-13 16:45:35.627370
['Song 5'],1,1,2024-04-13 16:45:35.627682
['Song 1'],1,1,2024-04-13 16:45:35.627994
['Song 3'],1,1,2024-04-13 16:45:35.628279
['Song 8'],1,1,2024-04-13 16:45:35.628665
['Song 6'],1,1,2024-04-13 16:45:35.629013
['Song 5'],1,1,2024-04-13 16:45:35.629362
['Song 2'],1,1,2024-04-13 16:45:35.629758
['Song 1'],1,1,2024-04-13 16:45:35.630075
['Song 1'],1,1,2024-04-13 16:45:35.630386
['Song 3'],1,1,2024-04-13 16:45:35.630694
['Song 10'],1,1,2024-04-13 16:45:35.630993
['Song 6'],1,1,2024-04-13 16:45:35.631317
['Song 2'],1,1,2024-04-13 16:45:35.631621
['Song 4'],1,1,2024-04-13 16:45:35.631917
['Song 3'],1,1,2024-04-13 16:45:35.632222
['Song 9'],1,1,2024-04-13 16:45:35.632543
['Song 10'],1,1,2024-04-13 16:45:35.632885
['Song 1'],1,1,2024-04-13 16:45:35.633176
['song 7'],1,1,2024-04-13 16:45:35.633575
['Song 8'],1,1,2024-04-13 16:45:35.633996
['song 7'],1,1,2024-04-13 16:45:35.634307
['Song 6'],1,1,2024-04-13 16:45:35.634650
['Song 5'],1,1,2024-04-13 16:45:35.635064
['Song 1'],1,1,2024-04-13 16:45:35.635372
['Song 6'],1,1,2024-04-13 16:45:35.635665
['Song 9'],1,1,2024-04-13 16:45:35.635967
['Song 9'],1,1,2024-04-13 16:45:35.636264
['Song 8'],1,1,2024-04-13 16:45:35.636613
['song 7'],1,1,2024-04-13 16:45:35.637029
['Song 1'],1,1,2024-04-13 16:45:35.637445
['Song 4'],1,1,2024-04-13 16:45:35.637856
['Song 5'],1,1,2024-04-13 16:45:35.638304
['Song 4'],1,1,2024-04-13 16:45:35.638693
['Song 9'],1,1,2024-04-13 16:45:35.638973
['Song 9'],1,1,2024-04-13 16:45:35.639331
['Song 5'],1,1,2024-04-13 16:45:35.639782
['Song 9'],1,1,2024-04-13 16:45:35.640212
['Song 6'],1,1,2024-04-13 16:45:35.640628
['Song 5'],1,1,2024-04-13 16:45:35.641058
['Song 9'],1,1,2024-04-13 16:45:35.641510
['Song 6'],1,1,2024-04-13 16:45:35.641939
['song 7'],1,1,2024-04-13 16:45:35.642387
['Song 4'],1,1,2024-04-13 16:45:35.642792
['Song 1'],1,1,2024-04-13 16:45:35.643230
['Song 5'],1,1,2024-04-13 16:45:35.643654
['Song 10'],1,1,2024-04-13 16:45:35.644077
['Song 10'],1,1,2024-04-13 16:45:35.644555
['song 7'],1,1,2024-04-13 16:45:35.644861
['Song 3'],1,1,2024-04-13 16:45:35.645121
['Song 5'],1,1,2024-04-13 16:45:35.645479
['Song 9'],1,1,2024-04-13 16:45:35.645890
['Song 2'],1,1,2024-04-13 16:45:35.646255
['song 7'],1,1,2024-04-13 16:45:35.646671
['Song 6'],1,1,2024-04-13 16:45:35.647025
['Song 4'],1,1,2024-04-13 16:45:35.647407
['Song 3'],1,1,2024-04-13 16:45:35.647777
['Song 3'],1,1,2024-04-13 16:45:35.648174
['Song 6'],1,1,2024-04-13 16:45:35.648603
['Song 3'],1,1,2024-04-13 16:45:35.648977
['Song 10'],1,1,2024-04-13 16:45:35.649313
['Song 2'],1,1,2024-04-13 16:45:35.649633
['Song 8'],1,1,2024-04-13 16:45:35.649937
['Song 9'],1,1,2024-04-13 16:45:35.650353
['Song 2'],1,1,2024-04-13 16:45:35.650682
['Song 2'],1,1,2024-04-13 16:45:35.650936
['Song 10'],1,1,2024-04-13 16:45:45.616954
['Song 3'],1,1,2024-04-13 16:45:45.617353
['Song 6'],1,1,2024-04-13 16:45:45.617786
['Song 4'],1,1,2024-04-13 16:45:45.618137
['Song 9'],1,1,2024-04-13 16:45:45.618481
['Song 10'],1,1,2024-04-13 16:45:45.618822
['Song 9'],1,1,2024-04-13 16:45:45.619192
['Song 2'],1,1,2024-04-13 16:45:45.619521
['Song 1'],1,1,2024-04-13 16:45:45.619841
['Song 4'],1,1,2024-04-13 16:45:45.620165
['Song 8'],1,1,2024-04-13 16:45:45.620513
['Song 9'],1,1,2024-04-13 16:45:45.620824
['Song 8'],1,1,2024-04-13 16:45:45.621175
['Song 10'],1,1,2024-04-13 16:45:45.621500
['Song 6'],1,1,2024-04-13 16:45:45.621784
['Song 4'],1,1,2024-04-13 16:45:45.622045
['Song 5'],1,1,2024-04-13 16:45:45.622295
['Song 10'],1,1,2024-04-13 16:45:45.622597
['song 7'],1,1,2024-04-13 16:45:45.622906
['Song 6'],1,1,2024-04-13 16:45:45.623253
['Song 9'],1,1,2024-04-13 16:45:45.623687
['Song 1'],1,1,2024-04-13 16:45:45.624022
['Song 1'],1,1,2024-04-13 16:45:45.624374
['Song 2'],1,1,2024-04-13 16:45:45.624740
['Song 8'],1,1,2024-04-13 16:45:45.625077
['Song 2'],1,1,2024-04-13 16:45:45.625407
['Song 2'],1,1,2024-04-13 16:45:45.625741
['Song 5'],1,1,2024-04-13 16:45:45.626156
['Song 3'],1,1,2024-04-13 16:45:45.626527
['Song 9'],1,1,2024-04-13 16:45:45.626949
['Song 9'],1,1,2024-04-13 16:45:45.627389
['Song 3'],1,1,2024-04-13 16:45:45.627828
['Song 9'],1,1,2024-04-13 16:45:45.628221
['Song 8'],1,1,2024-04-13 16:45:45.628643
['Song 6'],1,1,2024-04-13 16:45:45.629012
['Song 6'],1,1,2024-04-13 16:45:45.629417
['Song 8'],1,1,2024-04-13 16:45:45.629757
['Song 9'],1,1,2024-04-13 16:45:45.630138
['Song 3'],1,1,2024-04-13 16:45:45.630479
['Song 10'],1,1,2024-04-13 16:45:45.630819
['Song 5'],1,1,2024-04-13 16:45:45.631150
['Song 8'],1,1,2024-04-13 16:45:45.631495
['Song 1'],1,1,2024-04-13 16:45:45.631842
['Song 2'],1,1,2024-04-13 16:45:45.632200
['Song 10'],1,1,2024-04-13 16:45:45.632557
['Song 10'],1,1,2024-04-13 16:45:45.632969
['song 7'],1,1,2024-04-13 16:45:45.633435
['Song 5'],1,1,2024-04-13 16:45:45.633796
['song 7'],1,1,2024-04-13 16:45:45.634078
['Song 8'],1,1,2024-04-13 16:45:45.634391
['Song 6'],1,1,2024-04-13 16:45:45.634725
['Song 4'],1,1,2024-04-13 16:45:45.635055
['Song 3'],1,1,2024-04-13 16:45:45.635382
['Song 6'],1,1,2024-04-13 16:45:45.635698
['song 7'],1,1,2024-04-13 16:45:45.636015
['Song 9'],1,1,2024-04-13 16:45:45.636328
['Song 1'],1,1,2024-04-13 16:45:45.636667
['Song 10'],1,1,2024-04-13 16:45:45.636951
['Song 6'],1,1,2024-04-13 16:45:45.637235
['Song 6'],1,1,2024-04-13 16:45:45.637535
['song 7'],1,1,2024-04-13 16:45:45.637876
['Song 2'],1,1,2024-04-13 16:45:45.638199
['song 7'],1,1,2024-04-13 16:45:45.638518
['Song 1'],1,1,2024-04-13 16:45:45.638806
['song 7'],1,1,2024-04-13 16:45:45.639081
['Song 8'],1,1,2024-04-13 16:45:45.639478
['Song 10'],1,1,2024-04-13 16:45:45.639838
['Song 9'],1,1,2024-04-13 16:45:45.640270
['Song 6'],1,1,2024-04-13 16:45:45.640658
['Song 5'],1,1,2024-04-13 16:45:45.641032
['Song 3'],1,1,2024-04-13 16:45:45.641425
['Song 3'],1,1,2024-04-13 16:45:45.641874
['Song 8'],1,1,2024-04-13 16:45:45.642177
['Song 6'],1,1,2024-04-13 16:45:45.642448
['song 7'],1,1,2024-04-13 16:45:45.642857
['Song 5'],1,1,2024-04-13 16:45:45.643241
['Song 4'],1,1,2024-04-13 16:45:45.643624
['Song 2'],1,1,2024-04-13 16:45:45.644050
['song 7'],1,1,2024-04-13 16:45:45.644493
['Song 1'],1,1,2024-04-13 16:45:45.644902
['Song 2'],1,1,2024-04-13 16:45:45.645323
['Song 5'],1,1,2024-04-13 16:45:45.645696
['Song 9'],1,1,2024-04-13 16:45:45.646064
['Song 6'],1,1,2024-04-13 16:45:45.646466
['Song 10'],1,1,2024-04-13 16:45:45.646900
['Song 5'],1,1,2024-04-13 16:45:45.647341
['Song 2'],1,1,2024-04-13 16:45:45.647791
['song 7'],1,1,2024-04-13 16:45:45.648224
['Song 6'],1,1,2024-04-13 16:45:45.648718
['Song 8'],1,1,2024-04-13 16:45:45.649184
['Song 10'],1,1,2024-04-13 16:45:45.649633
['Song 6'],1,1,2024-04-13 16:45:45.650089
['Song 9'],1,1,2024-04-13 16:45:45.650523
['Song 4'],1,1,2024-04-13 16:45:45.650902
['Song 10'],1,1,2024-04-13 16:45:45.651340
['Song 10'],1,1,2024-04-13 16:45:45.651701
['Song 8'],1,1,2024-04-13 16:45:45.652052
['Song 9'],1,1,2024-04-13 16:45:45.652419
['Song 4'],1,1,2024-04-13 16:45:45.652826
['Song 9'],1,1,2024-04-13 16:45:45.653195
['Song 6'],1,1,2024-04-13 16:51:22.286181
['Song 5'],1,1,2024-04-13 16:51:22.286346
['Song 2'],1,1,2024-04-13 16:51:22.286490
['song 7'],1,1,2024-04-13 16:51:22.286601
['Song 5'],1,1,2024-04-13 16:51:22.286699
['Song 8'],1,1,2024-04-13 16:51:22.286779
['Song 9'],1,1,2024-04-13 16:51:22.286836
['Song 4'],1,1,2024-04-13 16:51:22.286924
['Song 4'],1,1,2024-04-13 16:51:22.286981
['Song 3'],1,1,2024-04-13 16:51:22.287039
['Song 3'],1,1,2024-04-13 16:51:22.287125
['Song 8'],1,1,2024-04-13 16:51:22.287189
['song 7'],1,1,2024-04-13 16:51:22.287278
['Song 1'],1,1,2024-04-13 16:51:22.287335
['Song 9'],1,1,2024-04-13 16:51:22.287392
['Song 1'],1,1,2024-04-13 16:51:22.287448
['Song 1'],1,1,2024-04-13 16:51:22.287504
['Song 3'],1,1,2024-04-13 16:51:22.287559
['Song 10'],1,1,2024-04-13 16:51:22.287613
['Song 10'],1,1,2024-04-13 16:51:22.287678
['Song 8'],1,1,2024-04-13 16:51:22.287756
['Song 6'],1,1,2024-04-13 16:51:22.287834
['Song 1'],1,1,2024-04-13 16:51:22.287915
['Song 2'],1,1,2024-04-13 16:51:22.287993
['Song 10'],1,1,2024-04-13 16:51:22.288065
['Song 2'],1,1,2024-04-13 16:51:22.288132
['Song 1'],1,1,2024-04-13 16:51:22.288200
['Song 3'],1,1,2024-04-13 16:51:22.288258
['Song 2'],1,1,2024-04-13 16:51:22.288324
['Song 9'],1,1,2024-04-13 16:51:22.288397
['Song 9'],1,1,2024-04-13 16:51:22.288472
['Song 2'],1,1,2024-04-13 16:51:22.288540
['Song 2'],1,1,2024-04-13 16:51:22.288598
['Song 4'],1,1,2024-04-13 16:51:22.288656
['Song 2'],1,1,2024-04-13 16:51:22.288715
['Song 8'],1,1,2024-04-13 16:51:22.288774
['Song 4'],1,1,2024-04-13 16:51:22.288839
['song 7'],1,1,2024-04-13 16:51:22.288905
['Song 4'],1,1,2024-04-13 16:51:22.288971
['Song 6'],1,1,2024-04-13 16:51:22.289037
['song 7'],1,1,2024-04-13 16:51:22.289102
['Song 9'],1,1,2024-04-13 16:51:22.289232
['Song 6'],1,1,2024-04-13 16:51:22.289303
['song 7'],1,1,2024-04-13 16:51:22.289387
['Song 4'],1,1,2024-04-13 16:51:22.289456
['Song 9'],1,1,2024-04-13 16:51:22.289522
['Song 1'],1,1,2024-04-13 16:51:22.289584
['Song 1'],1,1,2024-04-13 16:51:22.289644
['Song 1'],1,1,2024-04-13 16:51:22.289702
['Song 1'],1,1,2024-04-13 16:51:22.289762
['song 7'],1,1,2024-04-13 16:51:22.289821
['Song 5'],1,1,2024-04-13 16:51:22.289880
['Song 4'],1,1,2024-04-13 16:51:22.289939
['Song 9'],1,1,2024-04-13 16:51:22.289997
['Song 1'],1,1,2024-04-13 16:51:22.290054
['Song 1'],1,1,2024-04-13 16:51:22.290113
['song 7'],1,1,2024-04-13 16:51:22.290172
['Song 6'],1,1,2024-04-13 16:51:22.290230
['Song 10'],1,1,2024-04-13 16:51:22.290287
['Song 10'],1,1,2024-04-13 16:51:22.290344
['Song 10'],1,1,2024-04-13 16:51:22.290402
['Song 5'],1,1,2024-04-13 16:51:22.290466
['Song 5'],1,1,2024-04-13 16:51:22.290524
['Song 2'],1,1,2024-04-13 16:51:22.290581
['Song 6'],1,1,2024-04-13 16:51:22.290640
['Song 3'],1,1,2024-04-13 16:51:22.290698
['Song 9'],1,1,2024-04-13 16:51:22.290756
['Song 9'],1,1,2024-04-13 16:51:22.290814
['Song 9'],1,1,2024-04-13 16:51:22.290869
['Song 9'],1,1,2024-04-13 16:51:22.290926
['Song 5'],1,1,2024-04-13 16:51:22.290985
['song 7'],1,1,2024-04-13 16:51:22.291043
['Song 5'],1,1,2024-04-13 16:51:22.291100
['Song 10'],1,1,2024-04-13 16:51:22.291157
['Song 8'],1,1,2024-04-13 16:51:22.291216
['Song 4'],1,1,2024-04-13 16:51:22.291272
['song 7'],1,1,2024-04-13 16:51:22.291328
['Song 9'],1,1,2024-04-13 16:51:22.291385
['Song 9'],1,1,2024-04-13 16:51:22.291441
['Song 1'],1,1,2024-04-13 16:51:22.291498
['Song 5'],1,1,2024-04-13 16:51:22.291554
['Song 1'],1,1,2024-04-13 16:51:22.291611
['Song 1'],1,1,2024-04-13 16:51:22.291670
['Song 1'],1,1,2024-04-13 16:51:22.291726
['Song 9'],1,1,2024-04-13 16:51:22.291789
['song 7'],1,1,2024-04-13 16:51:22.291845
['Song 6'],1,1,2024-04-13 16:51:22.291904
['Song 10'],1,1,2024-04-13 16:51:22.291971
['Song 2'],1,1,2024-04-13 16:51:22.292050
['Song 1'],1,1,2024-04-13 16:51:22.292127
['Song 8'],1,1,2024-04-13 16:51:22.292199
['Song 10'],1,1,2024-04-13 16:51:22.292261
['Song 10'],1,1,2024-04-13 16:51:22.292330
['song 7'],1,1,2024-04-13 16:51:22.292413
['Song 6'],1,1,2024-04-13 16:51:22.292505
['Song 8'],1,1,2024-04-13 16:51:22.292592
['Song 3'],1,1,2024-04-13 16:51:22.292678
['Song 5'],1,1,2024-04-13 16:51:22.292750
['Song 3'],1,1,2024-04-13 16:51:22.292814
['Song 9'],1,1,2024-04-13 16:51:22.292880
['Song 4'],1,1,2024-04-13 16:51:32.298235
['Song 4'],1,1,2024-04-13 16:51:32.298660
['Song 1'],1,1,2024-04-13 16:51:32.299011
['Song 5'],1,1,2024-04-13 16:51:32.299358
['Song 9'],1,1,2024-04-13 16:51:32.299722
['Song 8'],1,1,2024-04-13 16:51:32.300096
['Song 8'],1,1,2024-04-13 16:51:32.300441
['Song 6'],1,1,2024-04-13 16:51:32.300866
['Song 3'],1,1,2024-04-13 16:51:32.301266
['Song 9'],1,1,2024-04-13 16:51:32.301652
['Song 3'],1,1,2024-04-13 16:51:32.302053
['Song 2'],1,1,2024-04-13 16:51:32.302436
['Song 6'],1,1,2024-04-13 16:51:32.302831
['Song 6'],1,1,2024-04-13 16:51:32.303257
['Song 9'],1,1,2024-04-13 16:51:32.303666
['Song 1'],1,1,2024-04-13 16:51:32.304099
['Song 10'],1,1,2024-04-13 16:51:32.304545
['Song 3'],1,1,2024-04-13 16:51:32.305001
['song 7'],1,1,2024-04-13 16:51:32.305412
['Song 5'],1,1,2024-04-13 16:51:32.305827
['Song 9'],1,1,2024-04-13 16:51:32.306261
['song 7'],1,1,2024-04-13 16:51:32.306692
['Song 6'],1,1,2024-04-13 16:51:32.307112
['Song 6'],1,1,2024-04-13 16:51:32.307544
['Song 10'],1,1,2024-04-13 16:51:32.307961
['Song 2'],1,1,2024-04-13 16:51:32.308290
['Song 6'],1,1,2024-04-13 16:51:32.308735
['song 7'],1,1,2024-04-13 16:51:32.309086
['Song 1'],1,1,2024-04-13 16:51:32.309364
['Song 4'],1,1,2024-04-13 16:51:32.309632
['song 7'],1,1,2024-04-13 16:51:32.309894
['Song 1'],1,1,2024-04-13 16:51:32.310187
['Song 10'],1,1,2024-04-13 16:51:32.310472
['Song 6'],1,1,2024-04-13 16:51:32.310733
['Song 1'],1,1,2024-04-13 16:51:32.311009
['Song 3'],1,1,2024-04-13 16:51:32.311331
['Song 1'],1,1,2024-04-13 16:51:32.311732
['Song 10'],1,1,2024-04-13 16:51:32.312083
['Song 2'],1,1,2024-04-13 16:51:32.312423
['Song 5'],1,1,2024-04-13 16:51:32.312860
['Song 4'],1,1,2024-04-13 16:51:32.313282
['Song 10'],1,1,2024-04-13 16:51:32.313609
['Song 10'],1,1,2024-04-13 16:51:32.313967
['Song 9'],1,1,2024-04-13 16:51:32.314286
['Song 3'],1,1,2024-04-13 16:51:32.314554
['Song 2'],1,1,2024-04-13 16:51:32.314799
['Song 1'],1,1,2024-04-13 16:51:32.315043
['Song 1'],1,1,2024-04-13 16:51:32.315285
['Song 2'],1,1,2024-04-13 16:51:32.315534
['song 7'],1,1,2024-04-13 16:51:32.315805
['Song 5'],1,1,2024-04-13 16:51:32.316053
['song 7'],1,1,2024-04-13 16:51:32.316322
['Song 8'],1,1,2024-04-13 16:51:32.316633
['Song 2'],1,1,2024-04-13 16:51:32.316913
['Song 9'],1,1,2024-04-13 16:51:32.317187
['song 7'],1,1,2024-04-13 16:51:32.317491
['Song 5'],1,1,2024-04-13 16:51:32.317858
['Song 4'],1,1,2024-04-13 16:51:32.318188
['Song 6'],1,1,2024-04-13 16:51:32.318448
['Song 3'],1,1,2024-04-13 16:51:32.318817
['Song 8'],1,1,2024-04-13 16:51:32.319215
['Song 1'],1,1,2024-04-13 16:51:32.319638
['Song 3'],1,1,2024-04-13 16:51:32.320050
['Song 9'],1,1,2024-04-13 16:51:32.320505
['Song 5'],1,1,2024-04-13 16:51:32.320992
['song 7'],1,1,2024-04-13 16:51:32.321448
['Song 6'],1,1,2024-04-13 16:51:32.321890
['Song 6'],1,1,2024-04-13 16:51:32.322282
['Song 1'],1,1,2024-04-13 16:51:32.322733
['Song 5'],1,1,2024-04-13 16:51:32.323118
['Song 4'],1,1,2024-04-13 16:51:32.323495
['Song 2'],1,1,2024-04-13 16:51:32.323921
['Song 9'],1,1,2024-04-13 16:51:32.324284
['Song 2'],1,1,2024-04-13 16:51:32.324671
['Song 4'],1,1,2024-04-13 16:51:32.325039
['Song 2'],1,1,2024-04-13 16:51:32.325489
['song 7'],1,1,2024-04-13 16:51:32.325934
['Song 5'],1,1,2024-04-13 16:51:32.326344
['Song 10'],1,1,2024-04-13 16:51:32.326716
['Song 9'],1,1,2024-04-13 16:51:32.327112
['Song 9'],1,1,2024-04-13 16:51:32.327476
['song 7'],1,1,2024-04-13 16:51:32.327832
['Song 1'],1,1,2024-04-13 16:51:32.328177
['Song 8'],1,1,2024-04-13 16:51:32.328544
['Song 10'],1,1,2024-04-13 16:51:32.328887
['Song 5'],1,1,2024-04-13 16:51:32.329242
['Song 4'],1,1,2024-04-13 16:51:32.329601
['Song 5'],1,1,2024-04-13 16:51:32.330006
['Song 2'],1,1,2024-04-13 16:51:32.330451
['Song 2'],1,1,2024-04-13 16:51:32.330792
['Song 10'],1,1,2024-04-13 16:51:32.331063
['Song 4'],1,1,2024-04-13 16:51:32.331407
['Song 6'],1,1,2024-04-13 16:51:32.331763
['Song 4'],1,1,2024-04-13 16:51:32.332133
['Song 3'],1,1,2024-04-13 16:51:32.332521
['song 7'],1,1,2024-04-13 16:51:32.332868
['Song 4'],1,1,2024-04-13 16:51:32.333203
['Song 4'],1,1,2024-04-13 16:51:32.333564
['Song 1'],1,1,2024-04-13 16:51:32.333920
['Song 5'],1,1,2024-04-13 16:51:32.334243
['Song 4'],1,1,2024-04-13 16:51:42.296038
['Song 1'],1,1,2024-04-13 16:51:42.296590
['song 7'],1,1,2024-04-13 16:51:42.297053
['Song 1'],1,1,2024-04-13 16:51:42.297445
['Song 10'],1,1,2024-04-13 16:51:42.297839
['song 7'],1,1,2024-04-13 16:51:42.298228
['song 7'],1,1,2024-04-13 16:51:42.298603
['Song 9'],1,1,2024-04-13 16:51:42.298964
['Song 5'],1,1,2024-04-13 16:51:42.299321
['Song 9'],1,1,2024-04-13 16:51:42.299682
['Song 1'],1,1,2024-04-13 16:51:42.300044
['Song 9'],1,1,2024-04-13 16:51:42.300406
['Song 5'],1,1,2024-04-13 16:51:42.300815
['Song 3'],1,1,2024-04-13 16:51:42.301220
['Song 8'],1,1,2024-04-13 16:51:42.301630
['Song 2'],1,1,2024-04-13 16:51:42.302045
['Song 3'],1,1,2024-04-13 16:51:42.302426
['Song 8'],1,1,2024-04-13 16:51:42.302811
['Song 6'],1,1,2024-04-13 16:51:42.303203
['Song 1'],1,1,2024-04-13 16:51:42.303524
['Song 3'],1,1,2024-04-13 16:51:42.303810
['Song 5'],1,1,2024-04-13 16:51:42.304198
['Song 3'],1,1,2024-04-13 16:51:42.304604
['song 7'],1,1,2024-04-13 16:51:42.304981
['Song 8'],1,1,2024-04-13 16:51:42.305383
['Song 3'],1,1,2024-04-13 16:51:42.305800
['Song 4'],1,1,2024-04-13 16:51:42.306225
['Song 5'],1,1,2024-04-13 16:51:42.306664
['Song 4'],1,1,2024-04-13 16:51:42.307122
['Song 1'],1,1,2024-04-13 16:51:42.307653
['Song 5'],1,1,2024-04-13 16:51:42.308101
['Song 9'],1,1,2024-04-13 16:51:42.308610
['Song 5'],1,1,2024-04-13 16:51:42.309047
['Song 1'],1,1,2024-04-13 16:51:42.309483
['Song 6'],1,1,2024-04-13 16:51:42.309918
['Song 3'],1,1,2024-04-13 16:51:42.310321
['Song 6'],1,1,2024-04-13 16:51:42.310674
['Song 6'],1,1,2024-04-13 16:51:42.311037
['Song 6'],1,1,2024-04-13 16:51:42.311369
['song 7'],1,1,2024-04-13 16:51:42.311806
['Song 9'],1,1,2024-04-13 16:51:42.312228
['Song 5'],1,1,2024-04-13 16:51:42.312728
['Song 8'],1,1,2024-04-13 16:51:42.313196
['Song 3'],1,1,2024-04-13 16:51:42.313717
['Song 5'],1,1,2024-04-13 16:51:42.314171
['Song 4'],1,1,2024-04-13 16:51:42.314624
['Song 3'],1,1,2024-04-13 16:51:42.315066
['Song 3'],1,1,2024-04-13 16:51:42.315509
['Song 8'],1,1,2024-04-13 16:51:42.315947
['Song 3'],1,1,2024-04-13 16:51:42.316380
['Song 1'],1,1,2024-04-13 16:51:42.316975
['Song 5'],1,1,2024-04-13 16:51:42.317392
['Song 2'],1,1,2024-04-13 16:51:42.317817
['Song 2'],1,1,2024-04-13 16:51:42.318282
['Song 1'],1,1,2024-04-13 16:51:42.318728
['Song 6'],1,1,2024-04-13 16:51:42.319256
['Song 1'],1,1,2024-04-13 16:51:42.319694
['Song 8'],1,1,2024-04-13 16:51:42.320123
['Song 2'],1,1,2024-04-13 16:51:42.320567
['Song 6'],1,1,2024-04-13 16:51:42.321099
['Song 3'],1,1,2024-04-13 16:51:42.321555
['Song 5'],1,1,2024-04-13 16:51:42.321987
['Song 5'],1,1,2024-04-13 16:51:42.322469
['Song 6'],1,1,2024-04-13 16:51:42.322909
['Song 1'],1,1,2024-04-13 16:51:42.323341
['Song 9'],1,1,2024-04-13 16:51:42.323764
['Song 1'],1,1,2024-04-13 16:51:42.324178
['Song 9'],1,1,2024-04-13 16:51:42.324664
['Song 10'],1,1,2024-04-13 16:51:42.325144
['song 7'],1,1,2024-04-13 16:51:42.325583
['Song 5'],1,1,2024-04-13 16:51:42.326019
['song 7'],1,1,2024-04-13 16:51:42.326593
['Song 4'],1,1,2024-04-13 16:51:42.327019
['Song 9'],1,1,2024-04-13 16:51:42.327421
['Song 3'],1,1,2024-04-13 16:51:42.327821
['Song 10'],1,1,2024-04-13 16:51:42.328220
['Song 6'],1,1,2024-04-13 16:51:42.328680
['song 7'],1,1,2024-04-13 16:51:42.329081
['Song 4'],1,1,2024-04-13 16:51:42.329540
['Song 5'],1,1,2024-04-13 16:51:42.329912
['song 7'],1,1,2024-04-13 16:51:42.330291
['Song 4'],1,1,2024-04-13 16:51:42.330697
['Song 4'],1,1,2024-04-13 16:51:42.331112
['Song 8'],1,1,2024-04-13 16:51:42.331524
['Song 2'],1,1,2024-04-13 16:51:42.331942
['song 7'],1,1,2024-04-13 16:51:42.332333
['Song 4'],1,1,2024-04-13 16:51:42.332754
['Song 8'],1,1,2024-04-13 16:51:42.333167
['Song 3'],1,1,2024-04-13 16:51:42.333588
['Song 9'],1,1,2024-04-13 16:51:42.334001
['Song 10'],1,1,2024-04-13 16:51:42.334431
['Song 1'],1,1,2024-04-13 16:51:42.334857
['Song 9'],1,1,2024-04-13 16:51:42.335311
['Song 3'],1,1,2024-04-13 16:51:42.335756
['Song 3'],1,1,2024-04-13 16:51:42.336225
['song 7'],1,1,2024-04-13 16:51:42.336797
['Song 4'],1,1,2024-04-13 16:51:42.337227
['Song 9'],1,1,2024-04-13 16:51:42.337626
['Song 8'],1,1,2024-04-13 16:51:42.338010
['Song 3'],1,1,2024-04-13 16:51:42.338399
['Song 4'],1,1,2024-04-13 17:28:15.294429
['Song 10'],1,1,2024-04-13 17:28:15.294518
['Song 1'],1,1,2024-04-13 17:28:15.294571
['Song 6'],1,1,2024-04-13 17:28:15.294659
['Song 5'],1,1,2024-04-13 17:28:15.294773
['Song 4'],1,1,2024-04-13 17:28:15.294881
['Song 8'],1,1,2024-04-13 17:28:15.294941
['Song 3'],1,1,2024-04-13 17:28:15.295006
['Song 10'],1,1,2024-04-13 17:28:15.295129
['Song 6'],1,1,2024-04-13 17:28:15.295208
['Song 5'],1,1,2024-04-13 17:28:15.295254
['Song 4'],1,1,2024-04-13 17:28:15.295302
['Song 9'],1,1,2024-04-13 17:28:15.295350
['Song 3'],1,1,2024-04-13 17:28:15.295403
['Song 2'],1,1,2024-04-13 17:28:15.295458
['Song 3'],1,1,2024-04-13 17:28:15.295514
['Song 2'],1,1,2024-04-13 17:28:15.295573
['Song 5'],1,1,2024-04-13 17:28:15.295635
['Song 4'],1,1,2024-04-13 17:28:15.295697
['Song 2'],1,1,2024-04-13 17:28:15.295756
['Song 5'],1,1,2024-04-13 17:28:15.295814
['Song 5'],1,1,2024-04-13 17:28:15.295871
['Song 5'],1,1,2024-04-13 17:28:15.295929
['Song 4'],1,1,2024-04-13 17:28:15.295985
['Song 1'],1,1,2024-04-13 17:28:15.296041
['Song 3'],1,1,2024-04-13 17:28:15.296100
['Song 4'],1,1,2024-04-13 17:28:15.296165
['Song 4'],1,1,2024-04-13 17:28:15.296221
['Song 2'],1,1,2024-04-13 17:28:15.296277
['Song 3'],1,1,2024-04-13 17:28:15.296341
['Song 5'],1,1,2024-04-13 17:28:15.296415
['Song 1'],1,1,2024-04-13 17:28:15.296485
['Song 9'],1,1,2024-04-13 17:28:15.296547
['Song 8'],1,1,2024-04-13 17:28:15.296605
['song 7'],1,1,2024-04-13 17:28:15.296663
['Song 1'],1,1,2024-04-13 17:28:15.296719
['song 7'],1,1,2024-04-13 17:28:15.296778
['Song 8'],1,1,2024-04-13 17:28:15.296838
['Song 5'],1,1,2024-04-13 17:28:15.296897
['Song 3'],1,1,2024-04-13 17:28:15.296955
['Song 6'],1,1,2024-04-13 17:28:15.297013
['Song 2'],1,1,2024-04-13 17:28:15.297106
['Song 2'],1,1,2024-04-13 17:28:15.297165
['Song 6'],1,1,2024-04-13 17:28:15.297226
['Song 8'],1,1,2024-04-13 17:28:15.297286
['Song 8'],1,1,2024-04-13 17:28:15.297347
['Song 3'],1,1,2024-04-13 17:28:15.297407
['Song 8'],1,1,2024-04-13 17:28:15.297466
['Song 10'],1,1,2024-04-13 17:28:15.297523
['Song 9'],1,1,2024-04-13 17:28:15.297580
['song 7'],1,1,2024-04-13 17:28:15.297637
['Song 5'],1,1,2024-04-13 17:28:15.297694
['Song 6'],1,1,2024-04-13 17:28:15.297751
['Song 10'],1,1,2024-04-13 17:28:15.297806
['Song 6'],1,1,2024-04-13 17:28:15.297862
['Song 9'],1,1,2024-04-13 17:28:15.297918
['Song 6'],1,1,2024-04-13 17:28:15.297973
['song 7'],1,1,2024-04-13 17:28:15.298030
['Song 10'],1,1,2024-04-13 17:28:15.298085
['Song 10'],1,1,2024-04-13 17:28:15.298144
['Song 4'],1,1,2024-04-13 17:28:15.298202
['Song 3'],1,1,2024-04-13 17:28:15.298262
['Song 9'],1,1,2024-04-13 17:28:15.298321
['Song 3'],1,1,2024-04-13 17:28:15.298378
['Song 5'],1,1,2024-04-13 17:28:15.298437
['Song 10'],1,1,2024-04-13 17:28:15.298497
['Song 10'],1,1,2024-04-13 17:28:15.298558
['Song 8'],1,1,2024-04-13 17:28:15.298618
['Song 1'],1,1,2024-04-13 17:28:15.298675
['Song 4'],1,1,2024-04-13 17:28:15.298732
['Song 5'],1,1,2024-04-13 17:28:15.298792
['Song 2'],1,1,2024-04-13 17:28:15.298851
['Song 1'],1,1,2024-04-13 17:28:15.298908
['song 7'],1,1,2024-04-13 17:28:15.298964
['Song 4'],1,1,2024-04-13 17:28:15.299019
['Song 8'],1,1,2024-04-13 17:28:15.299075
['song 7'],1,1,2024-04-13 17:28:15.299131
['Song 2'],1,1,2024-04-13 17:28:15.299188
['Song 4'],1,1,2024-04-13 17:28:15.299243
['Song 5'],1,1,2024-04-13 17:28:15.299299
['song 7'],1,1,2024-04-13 17:28:15.299355
['Song 2'],1,1,2024-04-13 17:28:15.299411
['Song 6'],1,1,2024-04-13 17:28:15.299467
['Song 4'],1,1,2024-04-13 17:28:15.299522
['Song 4'],1,1,2024-04-13 17:28:15.299579
['Song 3'],1,1,2024-04-13 17:28:15.299635
['song 7'],1,1,2024-04-13 17:28:15.299691
['song 7'],1,1,2024-04-13 17:28:15.299748
['Song 3'],1,1,2024-04-13 17:28:15.299803
['Song 5'],1,1,2024-04-13 17:28:15.299858
['Song 2'],1,1,2024-04-13 17:28:15.299913
['Song 5'],1,1,2024-04-13 17:28:15.299969
['Song 8'],1,1,2024-04-13 17:28:15.300025
['Song 8'],1,1,2024-04-13 17:28:15.300081
['song 7'],1,1,2024-04-13 17:28:15.300137
['Song 1'],1,1,2024-04-13 17:28:15.300193
['Song 10'],1,1,2024-04-13 17:28:15.300248
['Song 6'],1,1,2024-04-13 17:28:15.300305
['Song 3'],1,1,2024-04-13 17:28:15.300360
['Song 4'],1,1,2024-04-13 17:28:15.300416
['Song 8'],1,1,2024-04-13 17:29:06.004144
['Song 9'],1,1,2024-04-13 17:29:06.004331
['Song 9'],1,1,2024-04-13 17:29:06.004455
['Song 9'],1,1,2024-04-13 17:29:06.004681
['Song 2'],1,1,2024-04-13 17:29:06.004796
['Song 10'],1,1,2024-04-13 17:29:06.004925
['Song 5'],1,1,2024-04-13 17:29:06.005007
['Song 9'],1,1,2024-04-13 17:29:06.005059
['song 7'],1,1,2024-04-13 17:29:06.005139
['Song 10'],1,1,2024-04-13 17:29:06.005202
['Song 3'],1,1,2024-04-13 17:29:06.005295
['Song 2'],1,1,2024-04-13 17:29:06.005348
['Song 2'],1,1,2024-04-13 17:29:06.005419
['song 7'],1,1,2024-04-13 17:29:06.005479
['Song 3'],1,1,2024-04-13 17:29:06.005533
['Song 1'],1,1,2024-04-13 17:29:06.005591
['Song 8'],1,1,2024-04-13 17:29:06.005660
['Song 2'],1,1,2024-04-13 17:29:06.005753
['Song 10'],1,1,2024-04-13 17:29:06.005816
['Song 3'],1,1,2024-04-13 17:29:06.005911
['Song 2'],1,1,2024-04-13 17:29:06.005975
['Song 3'],1,1,2024-04-13 17:29:06.006053
['Song 8'],1,1,2024-04-13 17:29:06.006124
['Song 10'],1,1,2024-04-13 17:29:06.006204
['Song 1'],1,1,2024-04-13 17:29:06.006285
['Song 6'],1,1,2024-04-13 17:29:06.006353
['Song 10'],1,1,2024-04-13 17:29:06.006421
['Song 9'],1,1,2024-04-13 17:29:06.006488
['Song 6'],1,1,2024-04-13 17:29:06.006546
['Song 2'],1,1,2024-04-13 17:29:06.006604
['Song 2'],1,1,2024-04-13 17:29:06.006672
['song 7'],1,1,2024-04-13 17:29:06.006734
['Song 4'],1,1,2024-04-13 17:29:06.006803
['Song 9'],1,1,2024-04-13 17:29:06.006868
['Song 4'],1,1,2024-04-13 17:29:06.006926
['Song 10'],1,1,2024-04-13 17:29:06.006983
['song 7'],1,1,2024-04-13 17:29:06.007042
['Song 6'],1,1,2024-04-13 17:29:06.007100
['Song 3'],1,1,2024-04-13 17:29:06.007159
['song 7'],1,1,2024-04-13 17:29:06.007218
['Song 8'],1,1,2024-04-13 17:29:06.007276
['Song 3'],1,1,2024-04-13 17:29:06.007378
['song 7'],1,1,2024-04-13 17:29:06.007438
['song 7'],1,1,2024-04-13 17:29:06.007507
['Song 4'],1,1,2024-04-13 17:29:06.007571
['Song 9'],1,1,2024-04-13 17:29:06.007639
['Song 10'],1,1,2024-04-13 17:29:06.007716
['Song 3'],1,1,2024-04-13 17:29:06.007787
['Song 5'],1,1,2024-04-13 17:29:06.007867
['Song 6'],1,1,2024-04-13 17:29:06.007950
['Song 6'],1,1,2024-04-13 17:29:06.008006
['Song 10'],1,1,2024-04-13 17:29:06.008061
['Song 3'],1,1,2024-04-13 17:29:06.008116
['Song 1'],1,1,2024-04-13 17:29:06.008170
['Song 1'],1,1,2024-04-13 17:29:06.008224
['Song 8'],1,1,2024-04-13 17:29:06.008278
['Song 2'],1,1,2024-04-13 17:29:06.008334
['song 7'],1,1,2024-04-13 17:29:06.008388
['Song 4'],1,1,2024-04-13 17:29:06.008439
['Song 10'],1,1,2024-04-13 17:29:06.008502
['Song 9'],1,1,2024-04-13 17:29:06.008559
['Song 6'],1,1,2024-04-13 17:29:06.008614
['Song 4'],1,1,2024-04-13 17:29:06.008675
['Song 10'],1,1,2024-04-13 17:29:06.008757
['Song 1'],1,1,2024-04-13 17:29:06.008816
['Song 9'],1,1,2024-04-13 17:29:06.008870
['song 7'],1,1,2024-04-13 17:29:06.008918
['Song 8'],1,1,2024-04-13 17:29:06.008966
['Song 3'],1,1,2024-04-13 17:29:06.009013
['Song 6'],1,1,2024-04-13 17:29:06.009060
['Song 9'],1,1,2024-04-13 17:29:06.009106
['Song 3'],1,1,2024-04-13 17:29:06.009153
['song 7'],1,1,2024-04-13 17:29:06.009199
['song 7'],1,1,2024-04-13 17:29:06.009246
['Song 8'],1,1,2024-04-13 17:29:06.009293
['Song 9'],1,1,2024-04-13 17:29:06.009339
['Song 8'],1,1,2024-04-13 17:29:06.009385
['Song 5'],1,1,2024-04-13 17:29:06.009432
['Song 10'],1,1,2024-04-13 17:29:06.009479
['Song 8'],1,1,2024-04-13 17:29:06.009526
['Song 3'],1,1,2024-04-13 17:29:06.009573
['Song 10'],1,1,2024-04-13 17:29:06.009621
['Song 1'],1,1,2024-04-13 17:29:06.009666
['Song 10'],1,1,2024-04-13 17:29:06.009712
['song 7'],1,1,2024-04-13 17:29:06.009761
['Song 5'],1,1,2024-04-13 17:29:06.009810
['Song 4'],1,1,2024-04-13 17:29:06.009859
['Song 5'],1,1,2024-04-13 17:29:06.009908
['Song 4'],1,1,2024-04-13 17:29:06.009962
['Song 8'],1,1,2024-04-13 17:29:06.010017
['Song 10'],1,1,2024-04-13 17:29:06.010073
['Song 9'],1,1,2024-04-13 17:29:06.010129
['Song 8'],1,1,2024-04-13 17:29:06.010183
['song 7'],1,1,2024-04-13 17:29:06.010236
['Song 3'],1,1,2024-04-13 17:29:06.010289
['Song 10'],1,1,2024-04-13 17:29:06.010342
['Song 6'],1,1,2024-04-13 17:29:06.010411
['Song 2'],1,1,2024-04-13 17:29:06.010488
['Song 8'],1,1,2024-04-13 17:29:06.010566
['Song 3'],1,1,2024-04-13 17:29:06.010646
['Song 6'],1,1,2024-04-13 17:29:16.013620
['Song 5'],1,1,2024-04-13 17:29:16.014012
['Song 8'],1,1,2024-04-13 17:29:16.014329
['Song 4'],1,1,2024-04-13 17:29:16.014580
['Song 4'],1,1,2024-04-13 17:29:16.014819
['Song 10'],1,1,2024-04-13 17:29:16.015061
['Song 2'],1,1,2024-04-13 17:29:16.015398
['Song 6'],1,1,2024-04-13 17:29:16.015753
['song 7'],1,1,2024-04-13 17:29:16.016080
['Song 8'],1,1,2024-04-13 17:29:16.016396
['Song 4'],1,1,2024-04-13 17:29:16.016804
['Song 6'],1,1,2024-04-13 17:29:16.017121
['Song 1'],1,1,2024-04-13 17:29:16.017456
['Song 1'],1,1,2024-04-13 17:29:16.017790
['song 7'],1,1,2024-04-13 17:29:16.018122
['song 7'],1,1,2024-04-13 17:29:16.018418
['Song 2'],1,1,2024-04-13 17:29:16.018694
['Song 10'],1,1,2024-04-13 17:29:16.019021
['Song 10'],1,1,2024-04-13 17:29:16.019434
['Song 1'],1,1,2024-04-13 17:29:16.019733
['Song 6'],1,1,2024-04-13 17:29:16.020081
['song 7'],1,1,2024-04-13 17:29:16.020500
['Song 5'],1,1,2024-04-13 17:29:16.020800
['Song 3'],1,1,2024-04-13 17:29:16.021145
['song 7'],1,1,2024-04-13 17:29:16.021466
['Song 10'],1,1,2024-04-13 17:29:16.021828
['song 7'],1,1,2024-04-13 17:29:16.022189
['Song 5'],1,1,2024-04-13 17:29:16.022538
['Song 10'],1,1,2024-04-13 17:29:16.022790
['Song 10'],1,1,2024-04-13 17:29:16.023172
['Song 2'],1,1,2024-04-13 17:29:16.023578
['Song 5'],1,1,2024-04-13 17:29:16.024003
['song 7'],1,1,2024-04-13 17:29:16.024307
['Song 1'],1,1,2024-04-13 17:29:16.024744
['Song 10'],1,1,2024-04-13 17:29:16.025044
['Song 5'],1,1,2024-04-13 17:29:16.025333
['Song 5'],1,1,2024-04-13 17:29:16.025603
['Song 8'],1,1,2024-04-13 17:29:16.025863
['Song 6'],1,1,2024-04-13 17:29:16.026140
['Song 9'],1,1,2024-04-13 17:29:16.026411
['Song 9'],1,1,2024-04-13 17:29:16.026684
['Song 1'],1,1,2024-04-13 17:29:16.026979
['Song 9'],1,1,2024-04-13 17:29:16.027363
['Song 4'],1,1,2024-04-13 17:29:16.027759
['Song 4'],1,1,2024-04-13 17:29:16.028130
['song 7'],1,1,2024-04-13 17:29:16.028399
['Song 2'],1,1,2024-04-13 17:29:16.028716
['Song 5'],1,1,2024-04-13 17:29:16.028977
['song 7'],1,1,2024-04-13 17:29:16.029381
['Song 9'],1,1,2024-04-13 17:29:16.029673
['Song 1'],1,1,2024-04-13 17:29:16.029965
['Song 6'],1,1,2024-04-13 17:29:16.030356
['Song 9'],1,1,2024-04-13 17:29:16.030756
['Song 5'],1,1,2024-04-13 17:29:16.031141
['song 7'],1,1,2024-04-13 17:29:16.031549
['Song 10'],1,1,2024-04-13 17:29:16.031868
['Song 4'],1,1,2024-04-13 17:29:16.032228
['Song 10'],1,1,2024-04-13 17:29:16.032643
['Song 1'],1,1,2024-04-13 17:29:16.033067
['Song 8'],1,1,2024-04-13 17:29:16.033401
['song 7'],1,1,2024-04-13 17:29:16.033701
['Song 9'],1,1,2024-04-13 17:29:16.034129
['Song 8'],1,1,2024-04-13 17:29:16.034465
['Song 3'],1,1,2024-04-13 17:29:16.034885
['Song 2'],1,1,2024-04-13 17:29:16.035245
['Song 4'],1,1,2024-04-13 17:29:16.035567
['Song 6'],1,1,2024-04-13 17:29:16.035902
['Song 6'],1,1,2024-04-13 17:29:16.036230
['Song 10'],1,1,2024-04-13 17:29:16.036603
['Song 3'],1,1,2024-04-13 17:29:16.036914
['Song 8'],1,1,2024-04-13 17:29:16.037226
['Song 8'],1,1,2024-04-13 17:29:16.037553
['Song 6'],1,1,2024-04-13 17:29:16.037943
['Song 5'],1,1,2024-04-13 17:29:16.038265
['Song 5'],1,1,2024-04-13 17:29:16.038562
['Song 5'],1,1,2024-04-13 17:29:16.038833
['song 7'],1,1,2024-04-13 17:29:16.039190
['Song 5'],1,1,2024-04-13 17:29:16.039576
['Song 3'],1,1,2024-04-13 17:29:16.039898
['song 7'],1,1,2024-04-13 17:29:16.040193
['Song 8'],1,1,2024-04-13 17:29:16.040446
['Song 1'],1,1,2024-04-13 17:29:16.040809
['Song 1'],1,1,2024-04-13 17:29:16.041162
['Song 3'],1,1,2024-04-13 17:29:16.041490
['Song 1'],1,1,2024-04-13 17:29:16.041824
['Song 1'],1,1,2024-04-13 17:29:16.042150
['Song 4'],1,1,2024-04-13 17:29:16.042486
['Song 5'],1,1,2024-04-13 17:29:16.042834
['song 7'],1,1,2024-04-13 17:29:16.043160
['Song 8'],1,1,2024-04-13 17:29:16.043471
['Song 5'],1,1,2024-04-13 17:29:16.043795
['Song 10'],1,1,2024-04-13 17:29:16.044161
['song 7'],1,1,2024-04-13 17:29:16.044548
['Song 1'],1,1,2024-04-13 17:29:16.044867
['Song 6'],1,1,2024-04-13 17:29:16.045264
['song 7'],1,1,2024-04-13 17:29:16.045675
['song 7'],1,1,2024-04-13 17:29:16.046077
['Song 2'],1,1,2024-04-13 17:29:16.046472
['Song 4'],1,1,2024-04-13 17:29:16.046749
['Song 8'],1,1,2024-04-13 17:29:16.047020
